id,first_name,last_name,full_name,email,gender,phone,birthdate,domain
1,Jonathon,Robertet,Jonathon Robertet,jrobertet0@slideshare.net,Male,(43)6980-7010,10/05/2015,https://economist.com
2,Jay,Biasini,Jay Biasini,jbiasini1@house.gov,Male,(95)1956-6387,20/05/2043,https://cargocollective.com
3,Astra,Fludder,Astra Fludder,afludder2@mediafire.com,Female,(24)7407-4141,14/05/2041,https://hp.com
4,Irena,Saltsberger,Irena Saltsberger,isaltsberger3@wix.com,Female,(68)7268-5688,03/08/2035,https://blinklist.com
5,Zebulen,Caswall,Zebulen Caswall,zcaswall4@engadget.com,Male,(50)5388-5771,16/04/2008,https://hc360.com
6,Rickert,Hubbocks,Rickert Hubbocks,rhubbocks5@ihg.com,Male,(99)6326-0744,13/02/2074,https://1688.com
7,Allie,Whiles,Allie Whiles,awhiles6@soup.io,Male,(20)3294-5164,18/03/2053,https://nytimes.com
8,Hayes,Boteman,Hayes Boteman,hboteman7@addthis.com,Male,(47)0872-7670,29/08/2015,https://squidoo.com
9,Roze,Humbie,Roze Humbie,rhumbie8@e-recht24.de,Female,(84)2162-8484,13/04/2036,https://yale.edu
10,Erika,Franies,Erika Franies,efranies9@indiatimes.com,Female,(70)3165-4036,08/03/2015,https://cisco.com
11,Lind,Sprakes,Lind Sprakes,lsprakesa@tmall.com,Male,(73)2104-4702,29/01/2022,https://miitbeian.gov.cn
12,Melantha,Romney,Melantha Romney,mromneyb@ifeng.com,Female,(71)6627-8540,08/01/2065,https://freewebs.com
13,Chicky,Dabnor,Chicky Dabnor,cdabnorc@furl.net,Male,(35)0657-1829,28/11/2064,https://issuu.com
14,Granville,McEntee,Granville McEntee,gmcenteed@home.pl,Male,(53)4652-9894,19/07/2004,https://desdev.cn
15,Tannie,Fayer,Tannie Fayer,tfayere@live.com,Male,(77)9852-9805,01/10/2049,https://boston.com
16,Beauregard,Mechell,Beauregard Mechell,bmechellf@miibeian.gov.cn,Male,(95)9591-7495,20/04/2039,https://surveymonkey.com
17,Norah,Moiser,Norah Moiser,nmoiserg@nps.gov,Female,(41)4432-3168,26/03/2065,https://amazon.de
18,Jaye,Paddie,Jaye Paddie,jpaddieh@aboutads.info,Male,(79)8584-1536,11/06/2070,https://so-net.ne.jp
19,Angy,Prinn,Angy Prinn,aprinni@google.fr,Female,(64)4838-0757,11/05/2022,https://skyrock.com
20,Eddy,Meineking,Eddy Meineking,emeinekingj@sogou.com,Female,(74)5585-6800,21/06/2076,https://odnoklassniki.ru
21,Auroora,Scrammage,Auroora Scrammage,ascrammagek@hostgator.com,Female,(50)9369-6363,14/04/2015,https://mediafire.com
22,Anthiathia,Norcutt,Anthiathia Norcutt,anorcuttl@bing.com,Female,(96)1177-1980,14/11/2016,https://nhs.uk
23,Milty,Outlaw,Milty Outlaw,moutlawm@unblog.fr,Male,(44)9870-0939,15/02/2045,https://virginia.edu
24,Gabbey,Wye,Gabbey Wye,gwyen@opensource.org,Female,(30)6378-6334,07/01/2049,https://vkontakte.ru
25,Augusto,Steedman,Augusto Steedman,asteedmano@hibu.com,Male,(93)8801-4431,26/10/2046,https://canalblog.com
26,Gabbi,Heustace,Gabbi Heustace,gheustacep@technorati.com,Female,(55)8701-5123,01/03/2069,https://naver.com
27,Abba,Bavridge,Abba Bavridge,abavridgeq@nyu.edu,Male,(17)1795-9130,29/08/2029,https://ifeng.com
28,Tony,Padrick,Tony Padrick,tpadrickr@nydailynews.com,Female,(79)1594-8764,23/09/2007,https://statcounter.com
29,Becki,Sargint,Becki Sargint,bsargints@techcrunch.com,Female,(43)8874-8556,25/05/2046,https://naver.com
30,Haleigh,Ninnotti,Haleigh Ninnotti,hninnottit@comsenz.com,Male,(91)7532-1411,04/05/2014,https://reverbnation.com
31,Ronny,Swiggs,Ronny Swiggs,rswiggsu@state.gov,Female,(79)9352-5990,24/02/2075,https://reddit.com
32,Russell,Feldberger,Russell Feldberger,rfeldbergerv@foxnews.com,Male,(78)3941-7018,24/09/2038,https://mozilla.com
33,Rinaldo,Gendrich,Rinaldo Gendrich,rgendrichw@imageshack.us,Male,(80)3560-1460,25/09/2030,https://msu.edu
34,Ingrid,Latta,Ingrid Latta,ilattax@webeden.co.uk,Female,(23)0139-9349,23/01/2025,https://godaddy.com
35,Art,McGeneay,Art McGeneay,amcgeneayy@netvibes.com,Male,(73)1600-2827,09/11/2063,https://paypal.com
36,Gherardo,Lyddon,Gherardo Lyddon,glyddonz@cafepress.com,Male,(97)2902-5531,19/03/2062,https://moonfruit.com
37,Karel,Ghion,Karel Ghion,kghion10@yellowbook.com,Male,(80)8977-1855,05/05/2010,https://friendfeed.com
38,Heloise,Berkley,Heloise Berkley,hberkley11@zdnet.com,Female,(75)3810-5814,24/06/2068,https://disqus.com
39,Paula,Rosander,Paula Rosander,prosander12@tripadvisor.com,Female,(97)6600-3352,29/08/2021,https://friendfeed.com
40,Birdie,Mushrow,Birdie Mushrow,bmushrow13@ucsd.edu,Female,(67)1152-6387,05/08/2076,https://ask.com
41,Bartholomeus,Dwyer,Bartholomeus Dwyer,bdwyer14@simplemachines.org,Male,(38)3212-2005,18/05/2007,https://trellian.com
42,Oswell,Chilcotte,Oswell Chilcotte,ochilcotte15@de.vu,Male,(52)0775-0919,06/05/2063,https://un.org
43,Courtnay,Trassler,Courtnay Trassler,ctrassler16@1688.com,Male,(81)5287-5480,17/10/2058,https://globo.com
44,Margarita,Goff,Margarita Goff,mgoff17@wired.com,Female,(68)3154-0089,04/02/2036,https://icq.com
45,Rudolfo,Whebell,Rudolfo Whebell,rwhebell18@pagesperso-orange.fr,Male,(58)2855-7482,29/09/2079,https://geocities.com
46,Llewellyn,Dongall,Llewellyn Dongall,ldongall19@sitemeter.com,Male,(47)3546-1754,07/09/2051,https://naver.com
47,Daisy,Methringham,Daisy Methringham,dmethringham1a@de.vu,Female,(96)4503-6547,27/01/2043,https://toplist.cz
48,Bear,Muldrew,Bear Muldrew,bmuldrew1b@youku.com,Male,(25)6834-0226,14/10/2010,https://java.com
49,Osborne,Gligori,Osborne Gligori,ogligori1c@tinyurl.com,Male,(48)9677-7304,26/12/2079,https://senate.gov
50,Waylan,Mountstephen,Waylan Mountstephen,wmountstephen1d@netscape.com,Male,(20)6978-0029,15/01/2017,https://wufoo.com
51,Shep,Braiden,Shep Braiden,sbraiden1e@unesco.org,Male,(65)4162-5973,06/11/2069,https://sciencedirect.com
52,Bil,McNeish,Bil McNeish,bmcneish1f@utexas.edu,Male,(71)6187-2310,26/08/2050,https://google.ru
53,Lissie,Piggen,Lissie Piggen,lpiggen1g@surveymonkey.com,Female,(95)2958-8953,10/07/2004,https://lycos.com
54,Doria,Core,Doria Core,dcore1h@yolasite.com,Female,(93)2434-8424,22/11/2001,https://arstechnica.com
55,Angeli,Bartkowiak,Angeli Bartkowiak,abartkowiak1i@sciencedirect.com,Male,(20)2450-3247,15/09/2018,https://mozilla.org
56,Ellette,Tofts,Ellette Tofts,etofts1j@facebook.com,Female,(39)8766-0106,27/05/2053,https://theguardian.com
57,Abigale,Bleackley,Abigale Bleackley,ableackley1k@symantec.com,Female,(34)4868-0588,25/07/2023,https://biglobe.ne.jp
58,Stinky,Liddiatt,Stinky Liddiatt,sliddiatt1l@reverbnation.com,Male,(84)2100-5405,23/08/2000,https://theglobeandmail.com
59,Fredericka,Kilfedder,Fredericka Kilfedder,fkilfedder1m@liveinternet.ru,Female,(90)2959-0465,18/11/2008,https://constantcontact.com
60,Gard,Bryson,Gard Bryson,gbryson1n@answers.com,Male,(21)7249-4407,24/10/2047,https://upenn.edu
61,Isaak,Swaysland,Isaak Swaysland,iswaysland1o@pinterest.com,Male,(96)9754-3315,29/09/2064,https://nifty.com
62,Ailee,Benediktovich,Ailee Benediktovich,abenediktovich1p@oracle.com,Female,(60)0700-4249,08/06/2019,https://msn.com
63,Mathias,Ewols,Mathias Ewols,mewols1q@acquirethisname.com,Male,(51)7639-1398,21/11/2002,https://diigo.com
64,Eda,Revance,Eda Revance,erevance1r@samsung.com,Female,(35)6307-0623,20/12/2003,https://tmall.com
65,Ynes,Cullinan,Ynes Cullinan,ycullinan1s@apple.com,Female,(21)3166-5883,04/12/2022,https://bbb.org
66,Cathrine,Espinazo,Cathrine Espinazo,cespinazo1t@msn.com,Female,(20)0331-5021,22/12/2019,https://google.nl
67,Lalo,Dmitriev,Lalo Dmitriev,ldmitriev1u@unc.edu,Male,(68)5911-7489,11/06/2071,https://seesaa.net
68,Christine,Brighouse,Christine Brighouse,cbrighouse1v@squidoo.com,Female,(28)7401-4021,27/03/2046,https://vinaora.com
69,Niel,Kitteridge,Niel Kitteridge,nkitteridge1w@friendfeed.com,Male,(96)8105-4380,11/09/2023,https://theglobeandmail.com
70,Bobbye,Tonepohl,Bobbye Tonepohl,btonepohl1x@springer.com,Female,(99)1411-9306,17/01/2021,https://washingtonpost.com
71,Charity,MacMillan,Charity MacMillan,cmacmillan1y@jalbum.net,Female,(60)0547-7482,17/03/2024,https://friendfeed.com
72,Cord,Phalp,Cord Phalp,cphalp1z@symantec.com,Male,(35)9276-2238,17/01/2016,https://delicious.com
73,Lura,Rollinshaw,Lura Rollinshaw,lrollinshaw20@home.pl,Female,(49)5727-6646,19/12/2002,https://mlb.com
74,Pamella,Kanter,Pamella Kanter,pkanter21@scribd.com,Female,(43)6195-8505,29/02/2008,https://comcast.net
75,Adriane,Belch,Adriane Belch,abelch22@google.fr,Female,(70)2702-9737,23/01/2078,https://sphinn.com
76,Danila,Bennetto,Danila Bennetto,dbennetto23@bing.com,Female,(71)8323-1457,22/09/2041,https://dailymail.co.uk
77,Sallyann,Jancso,Sallyann Jancso,sjancso24@meetup.com,Female,(36)9213-3578,04/05/2062,https://mozilla.com
78,Alvera,Godfray,Alvera Godfray,agodfray25@mediafire.com,Female,(33)9252-0860,27/12/2028,https://yelp.com
79,Valle,Burril,Valle Burril,vburril26@ehow.com,Male,(55)1818-8383,08/07/2031,https://youtube.com
80,Axe,Reeken,Axe Reeken,areeken27@redcross.org,Male,(83)8600-3165,06/02/2043,https://cnn.com
81,Heriberto,Di Biagi,Heriberto Di Biagi,hdibiagi28@vinaora.com,Male,(23)0758-1326,04/10/2042,https://uiuc.edu
82,Petrina,Alty,Petrina Alty,palty29@phoca.cz,Female,(22)8962-2032,28/10/2065,https://tumblr.com
83,Willamina,Rendall,Willamina Rendall,wrendall2a@comsenz.com,Female,(58)4196-6803,07/12/2052,https://soup.io
84,Merralee,Livermore,Merralee Livermore,mlivermore2b@twitter.com,Female,(38)2499-6157,14/10/2021,https://businessinsider.com
85,Bert,Petrillo,Bert Petrillo,bpetrillo2c@discuz.net,Female,(23)1738-2817,14/06/2040,https://hc360.com
86,Lizabeth,Blackaller,Lizabeth Blackaller,lblackaller2d@seesaa.net,Female,(92)0600-1596,14/03/2041,https://who.int
87,Gabie,Woodlands,Gabie Woodlands,gwoodlands2e@cnn.com,Male,(93)3875-2730,29/03/2031,https://google.fr
88,Mylo,Corris,Mylo Corris,mcorris2f@rambler.ru,Male,(59)6305-4877,11/07/2060,https://hp.com
89,Mackenzie,Harry,Mackenzie Harry,mharry2g@artisteer.com,Male,(99)0427-4765,04/10/2076,https://cafepress.com
90,Delmar,Brobyn,Delmar Brobyn,dbrobyn2h@diigo.com,Male,(59)6933-5701,07/09/2066,https://github.io
91,Tobi,Huddleston,Tobi Huddleston,thuddleston2i@archive.org,Female,(64)1751-0392,28/04/2076,https://sphinn.com
92,Pippo,Weatherhill,Pippo Weatherhill,pweatherhill2j@tripod.com,Male,(74)2932-3062,05/03/2044,https://tamu.edu
93,Austin,Gellan,Austin Gellan,agellan2k@wufoo.com,Female,(38)2985-5474,06/09/2069,https://tiny.cc
94,Verile,Antonucci,Verile Antonucci,vantonucci2l@mac.com,Female,(44)6523-6381,28/01/2076,https://liveinternet.ru
95,Ileane,Buick,Ileane Buick,ibuick2m@java.com,Female,(12)9286-1831,24/06/2041,https://sakura.ne.jp
96,Vivie,Littleproud,Vivie Littleproud,vlittleproud2n@soup.io,Female,(10)2382-6251,30/07/2048,https://hud.gov
97,Guinna,Orehead,Guinna Orehead,gorehead2o@instagram.com,Female,(92)3405-5269,24/01/2008,https://delicious.com
98,Ellery,Heggadon,Ellery Heggadon,eheggadon2p@weibo.com,Male,(97)5267-1013,26/07/2058,https://tripadvisor.com
99,Demetri,Egger,Demetri Egger,degger2q@java.com,Male,(92)9305-9545,24/03/2012,https://upenn.edu
100,Bartram,Dillestone,Bartram Dillestone,bdillestone2r@chronoengine.com,Male,(50)9510-3396,20/02/2053,https://is.gd
101,Vladimir,Jakobssen,Vladimir Jakobssen,vjakobssen2s@sfgate.com,Male,(11)7768-8080,14/09/2009,https://constantcontact.com
102,Felicdad,Betun,Felicdad Betun,fbetun2t@sbwire.com,Female,(17)0869-2429,07/02/2073,https://edublogs.org
103,Janela,Burnand,Janela Burnand,jburnand2u@discovery.com,Female,(40)5932-4982,21/08/2069,https://npr.org
104,Kimble,Allwell,Kimble Allwell,kallwell2v@cnet.com,Male,(43)2374-3020,09/06/2070,https://blogtalkradio.com
105,Ransom,Kase,Ransom Kase,rkase2w@tmall.com,Male,(57)1112-4704,18/03/2065,https://microsoft.com
106,Yalonda,Midgely,Yalonda Midgely,ymidgely2x@surveymonkey.com,Female,(16)2624-5764,15/06/2001,https://uol.com.br
107,Madelena,Hammerson,Madelena Hammerson,mhammerson2y@aol.com,Female,(99)1964-1033,22/02/2025,https://ucsd.edu
108,Bowie,O'Lynn,Bowie O'Lynn,bolynn2z@harvard.edu,Male,(50)7729-7665,01/09/2069,https://gnu.org
109,Jenelle,McLevie,Jenelle McLevie,jmclevie30@merriam-webster.com,Female,(91)3393-7825,25/02/2014,https://nasa.gov
110,Karissa,While,Karissa While,kwhile31@eepurl.com,Female,(18)7493-3542,30/03/2005,https://usgs.gov
111,Christophorus,McGruar,Christophorus McGruar,cmcgruar32@webnode.com,Male,(22)5115-8476,12/10/2052,https://sciencedirect.com
112,Abbe,Forlonge,Abbe Forlonge,aforlonge33@independent.co.uk,Female,(53)9996-4954,23/07/2003,https://multiply.com
113,Baudoin,Rebbeck,Baudoin Rebbeck,brebbeck34@godaddy.com,Male,(53)8508-7911,05/10/2063,https://vimeo.com
114,Renato,Davidof,Renato Davidof,rdavidof35@over-blog.com,Male,(50)2727-3992,06/12/2070,https://yellowbook.com
115,Giraldo,Jerrim,Giraldo Jerrim,gjerrim36@senate.gov,Male,(61)6155-2740,13/05/2071,https://hexun.com
116,Emyle,Enrdigo,Emyle Enrdigo,eenrdigo37@vistaprint.com,Female,(95)4181-3156,02/06/2004,https://123-reg.co.uk
117,Davy,Jaan,Davy Jaan,djaan38@miibeian.gov.cn,Male,(24)1775-9924,07/05/2036,https://t-online.de
118,Klara,Georgins,Klara Georgins,kgeorgins39@elpais.com,Female,(48)7199-9002,12/11/2028,https://sbwire.com
119,Nathan,Derle,Nathan Derle,nderle3a@g.co,Male,(89)0400-1100,14/02/2021,https://wisc.edu
120,Miriam,Aylett,Miriam Aylett,maylett3b@chron.com,Female,(81)3266-6964,14/01/2064,https://thetimes.co.uk
121,Remus,Ledeker,Remus Ledeker,rledeker3c@networkadvertising.org,Male,(41)8821-1439,18/04/2007,https://moonfruit.com
122,Peg,Buckwell,Peg Buckwell,pbuckwell3d@google.com.au,Female,(55)3830-7501,22/09/2004,https://reuters.com
123,Carissa,Carslaw,Carissa Carslaw,ccarslaw3e@timesonline.co.uk,Female,(76)6849-9121,23/08/2044,https://mail.ru
124,Concordia,Ibberson,Concordia Ibberson,cibberson3f@tmall.com,Female,(50)6493-9354,09/12/2012,https://toplist.cz
125,Josephina,Pratton,Josephina Pratton,jpratton3g@yellowbook.com,Female,(95)5948-8862,19/07/2007,https://apple.com
126,Randolph,Hardiker,Randolph Hardiker,rhardiker3h@4shared.com,Male,(87)4413-9414,03/02/2073,https://storify.com
127,Maddy,Stelljes,Maddy Stelljes,mstelljes3i@altervista.org,Male,(31)1269-5847,23/11/2057,https://upenn.edu
128,Aubrey,Guion,Aubrey Guion,aguion3j@opensource.org,Male,(47)4371-2241,07/11/2058,https://telegraph.co.uk
129,Valerye,Spowage,Valerye Spowage,vspowage3k@ehow.com,Female,(38)6347-0223,20/10/2022,https://bravesites.com
130,Nariko,Ferran,Nariko Ferran,nferran3l@ustream.tv,Female,(10)2685-2981,09/04/2036,https://utexas.edu
131,Milicent,Riep,Milicent Riep,mriep3m@bravesites.com,Female,(33)5341-5237,12/10/2017,https://auda.org.au
132,Stillmann,Delgado,Stillmann Delgado,sdelgado3n@reuters.com,Male,(27)6267-5549,07/01/2069,https://webnode.com
133,Kasey,Philip,Kasey Philip,kphilip3o@newyorker.com,Female,(70)4362-5041,13/05/2034,https://vk.com
134,Phaidra,Hurnell,Phaidra Hurnell,phurnell3p@hc360.com,Female,(27)7842-5035,05/10/2053,https://fda.gov
135,Sargent,Blaise,Sargent Blaise,sblaise3q@msu.edu,Male,(40)7567-6844,01/11/2022,https://ebay.com
136,Fawn,Stainson,Fawn Stainson,fstainson3r@oaic.gov.au,Female,(70)1964-8619,31/05/2047,https://tinyurl.com
137,Dominic,Petry,Dominic Petry,dpetry3s@ehow.com,Male,(43)2841-8192,21/06/2068,https://booking.com
138,Hubert,Di Antonio,Hubert Di Antonio,hdiantonio3t@netscape.com,Male,(24)2908-1795,19/01/2022,https://va.gov
139,Chaim,Blackesland,Chaim Blackesland,cblackesland3u@arstechnica.com,Male,(61)1223-3294,09/10/2046,https://unicef.org
140,Phil,Le-Good,Phil Le-Good,plegood3v@artisteer.com,Male,(46)2163-2172,11/09/2008,https://lulu.com
141,Skip,Duddle,Skip Duddle,sduddle3w@wikia.com,Male,(35)6385-5478,04/06/2026,https://ox.ac.uk
142,Guinna,Pettican,Guinna Pettican,gpettican3x@hexun.com,Female,(20)3906-7731,03/05/2077,https://kickstarter.com
143,Angil,Few,Angil Few,afew3y@dell.com,Female,(43)4167-0635,19/07/2033,https://bloglovin.com
144,Pincas,Rachuig,Pincas Rachuig,prachuig3z@loc.gov,Male,(20)0639-4270,22/04/2046,https://craigslist.org
145,Luciana,Beynon,Luciana Beynon,lbeynon40@ucsd.edu,Female,(80)7350-9907,16/09/2073,https://auda.org.au
146,Cristal,Gonzales,Cristal Gonzales,cgonzales41@nyu.edu,Female,(96)7853-3517,11/06/2027,https://dot.gov
147,Donna,Nequest,Donna Nequest,dnequest42@webnode.com,Female,(70)1461-7597,16/04/2071,https://prnewswire.com
148,Min,Mandy,Min Mandy,mmandy43@pagesperso-orange.fr,Female,(50)8712-7939,09/10/2037,https://lulu.com
149,Vick,Skittles,Vick Skittles,vskittles44@cornell.edu,Male,(32)0184-7290,04/01/2013,https://chron.com
150,Mozes,Laba,Mozes Laba,mlaba45@51.la,Male,(22)6215-4399,09/01/2002,https://businessweek.com
151,Viviana,Armatidge,Viviana Armatidge,varmatidge46@ed.gov,Female,(44)7782-9140,03/06/2028,https://com.com
152,Leelah,Bovaird,Leelah Bovaird,lbovaird47@friendfeed.com,Female,(55)3943-9198,07/01/2044,https://twitpic.com
153,Ianthe,Ivasechko,Ianthe Ivasechko,iivasechko48@scientificamerican.com,Female,(94)7453-1319,22/03/2060,https://newsvine.com
154,Betsey,Rudeyeard,Betsey Rudeyeard,brudeyeard49@telegraph.co.uk,Female,(85)0340-0316,02/12/2024,https://posterous.com
155,Tammara,Cone,Tammara Cone,tcone4a@time.com,Female,(34)6832-2441,25/05/2028,https://google.de
156,Seamus,Tuhy,Seamus Tuhy,stuhy4b@java.com,Male,(94)9726-5865,15/09/2013,https://ucla.edu
157,Cherida,McCuffie,Cherida McCuffie,cmccuffie4c@noaa.gov,Female,(86)3507-6301,06/10/2056,https://adobe.com
158,Elvina,Drust,Elvina Drust,edrust4d@google.it,Female,(17)2411-2144,26/09/2061,https://hc360.com
159,Gretal,Townes,Gretal Townes,gtownes4e@uol.com.br,Female,(27)5930-0409,05/12/2039,https://hud.gov
160,Pavel,Parfitt,Pavel Parfitt,pparfitt4f@usda.gov,Male,(22)9678-6673,08/07/2072,https://washingtonpost.com
161,Llywellyn,Dominguez,Llywellyn Dominguez,ldominguez4g@csmonitor.com,Male,(75)4558-1704,28/06/2014,https://mail.ru
162,Kassandra,Abraham,Kassandra Abraham,kabraham4h@liveinternet.ru,Female,(50)1761-5167,12/05/2023,https://answers.com
163,Connor,Bullene,Connor Bullene,cbullene4i@soundcloud.com,Male,(42)9311-7210,29/10/2033,https://dyndns.org
164,Brynn,Formoy,Brynn Formoy,bformoy4j@bloomberg.com,Female,(55)9846-4510,16/12/2064,https://paypal.com
165,Stu,Storrie,Stu Storrie,sstorrie4k@flickr.com,Male,(32)9946-9938,29/05/2042,https://lulu.com
166,Budd,Palle,Budd Palle,bpalle4l@sbwire.com,Male,(63)9156-1480,03/04/2029,https://about.com
167,Madonna,Tewkesbury.,Madonna Tewkesbury.,mtewkesbury4m@nyu.edu,Female,(31)3256-9953,24/11/2079,https://ow.ly
168,Corabel,Morrilly,Corabel Morrilly,cmorrilly4n@dailymail.co.uk,Female,(90)0278-3621,24/08/2026,https://icq.com
169,Mikey,Hightown,Mikey Hightown,mhightown4o@bloglovin.com,Male,(43)7152-1273,20/08/2032,https://nifty.com
170,Thaxter,Bothen,Thaxter Bothen,tbothen4p@irs.gov,Male,(75)5819-6069,19/02/2075,https://nih.gov
171,Roseanna,Barck,Roseanna Barck,rbarck4q@123-reg.co.uk,Female,(34)3681-3079,29/12/2053,https://dell.com
172,Marco,Marre,Marco Marre,mmarre4r@blinklist.com,Male,(83)5837-1631,11/09/2064,https://narod.ru
173,Vilhelmina,Normandale,Vilhelmina Normandale,vnormandale4s@google.com.au,Female,(57)8792-2571,10/10/2076,https://howstuffworks.com
174,Leda,Hannigan,Leda Hannigan,lhannigan4t@homestead.com,Female,(51)8538-9205,12/09/2074,https://rakuten.co.jp
175,Nissy,Kieran,Nissy Kieran,nkieran4u@flickr.com,Female,(73)4305-3010,18/09/2003,https://marriott.com
176,Sharline,Gouley,Sharline Gouley,sgouley4v@photobucket.com,Female,(68)8753-3988,23/12/2070,https://addtoany.com
177,Isaac,Stallwood,Isaac Stallwood,istallwood4w@posterous.com,Male,(48)2219-7220,03/07/2025,https://zdnet.com
178,Pen,Sloegrave,Pen Sloegrave,psloegrave4x@globo.com,Female,(80)1711-1378,31/01/2066,https://google.de
179,Arvy,Beachem,Arvy Beachem,abeachem4y@who.int,Male,(14)3397-0492,02/12/2045,https://admin.ch
180,Anatol,Land,Anatol Land,aland4z@webmd.com,Male,(72)2411-4768,20/07/2006,https://google.it
181,Cristine,Nevin,Cristine Nevin,cnevin50@elegantthemes.com,Female,(64)1926-3061,30/01/2017,https://exblog.jp
182,Nickolas,Spaduzza,Nickolas Spaduzza,nspaduzza51@slideshare.net,Male,(57)7679-1439,05/12/2053,https://naver.com
183,Ransell,Dyer,Ransell Dyer,rdyer52@tuttocitta.it,Male,(52)6521-5998,03/03/2045,https://google.com.au
184,Garrek,Orrow,Garrek Orrow,gorrow53@elpais.com,Male,(55)3662-8181,01/02/2008,https://tinyurl.com
185,Zorah,Halesworth,Zorah Halesworth,zhalesworth54@jigsy.com,Female,(42)9931-4103,18/09/2010,https://purevolume.com
186,Bailie,Smittoune,Bailie Smittoune,bsmittoune55@alexa.com,Male,(65)5513-2814,25/09/2055,https://usatoday.com
187,Minor,Piddlesden,Minor Piddlesden,mpiddlesden56@sohu.com,Male,(72)9431-3483,05/09/2034,https://cnn.com
188,Odessa,Rape,Odessa Rape,orape57@fastcompany.com,Female,(23)5414-3665,20/02/2080,https://independent.co.uk
189,Christoforo,Bulley,Christoforo Bulley,cbulley58@va.gov,Male,(57)5887-8424,19/10/2020,https://angelfire.com
190,Farrel,Casella,Farrel Casella,fcasella59@stumbleupon.com,Male,(43)9291-7126,11/11/2023,https://drupal.org
191,Cullin,Bohlje,Cullin Bohlje,cbohlje5a@instagram.com,Male,(69)3405-9088,12/05/2018,https://hibu.com
192,Modesta,Kaysor,Modesta Kaysor,mkaysor5b@sakura.ne.jp,Female,(95)3277-9249,20/09/2046,https://dion.ne.jp
193,Agnes,Larkin,Agnes Larkin,alarkin5c@ow.ly,Female,(98)1182-6561,04/11/2022,https://google.com.br
194,Lane,Westover,Lane Westover,lwestover5d@ucsd.edu,Male,(81)5904-2729,25/07/2045,https://icio.us
195,Herb,Adnett,Herb Adnett,hadnett5e@sfgate.com,Male,(25)9483-0002,07/10/2002,https://rakuten.co.jp
196,Dianna,Lundberg,Dianna Lundberg,dlundberg5f@webeden.co.uk,Female,(43)3293-8331,25/03/2037,https://upenn.edu
197,Birgitta,Pavlasek,Birgitta Pavlasek,bpavlasek5g@facebook.com,Female,(10)6433-4892,27/06/2008,https://ifeng.com
198,Calypso,Bianco,Calypso Bianco,cbianco5h@ask.com,Female,(31)2550-8659,18/01/2071,https://zimbio.com
199,Austine,Scollard,Austine Scollard,ascollard5i@ameblo.jp,Female,(74)0107-3659,08/02/2034,https://storify.com
200,Welbie,Baroch,Welbie Baroch,wbaroch5j@tumblr.com,Male,(67)0400-5726,10/09/2045,https://1und1.de
201,Debbi,Woollaston,Debbi Woollaston,dwoollaston5k@ezinearticles.com,Female,(69)1849-6170,13/11/2073,https://a8.net
202,Torey,Mixer,Torey Mixer,tmixer5l@ucsd.edu,Male,(27)9424-4959,28/11/2065,https://uiuc.edu
203,Benedetta,Aisman,Benedetta Aisman,baisman5m@bandcamp.com,Female,(31)3830-7349,04/01/2053,https://uiuc.edu
204,Osbourn,Brenard,Osbourn Brenard,obrenard5n@cocolog-nifty.com,Male,(77)5333-9304,05/05/2070,https://apple.com
205,Alys,Normabell,Alys Normabell,anormabell5o@wordpress.org,Female,(40)3654-4908,14/04/2007,https://prnewswire.com
206,Diena,Kupisz,Diena Kupisz,dkupisz5p@nasa.gov,Female,(15)5728-4002,12/04/2045,https://usda.gov
207,Ephraim,Karpmann,Ephraim Karpmann,ekarpmann5q@a8.net,Male,(86)3960-6807,02/10/2003,https://ebay.com
208,Veriee,Mayfield,Veriee Mayfield,vmayfield5r@cbslocal.com,Female,(99)5990-2740,01/11/2056,https://etsy.com
209,Maitilde,Iacovone,Maitilde Iacovone,miacovone5s@sitemeter.com,Female,(62)2875-4916,21/02/2024,https://mayoclinic.com
210,Doralynne,Cleever,Doralynne Cleever,dcleever5t@quantcast.com,Female,(28)0173-8598,01/04/2014,https://bing.com
211,Augustine,Hardi,Augustine Hardi,ahardi5u@narod.ru,Male,(59)6659-6015,05/08/2076,https://mlb.com
212,Leontyne,Loud,Leontyne Loud,lloud5v@harvard.edu,Female,(51)5106-1748,26/05/2003,https://phoca.cz
213,Denny,Lory,Denny Lory,dlory5w@cnbc.com,Male,(47)5246-8203,22/08/2035,https://bizjournals.com
214,Shani,Shearn,Shani Shearn,sshearn5x@4shared.com,Female,(14)8320-3692,11/10/2049,https://goo.gl
215,Tibold,Leehane,Tibold Leehane,tleehane5y@wufoo.com,Male,(73)4190-4810,27/07/2047,https://irs.gov
216,Doll,Tebbitt,Doll Tebbitt,dtebbitt5z@google.pl,Female,(96)4204-2187,28/11/2000,https://harvard.edu
217,Harlin,Joska,Harlin Joska,hjoska60@who.int,Male,(24)8927-5097,11/02/2010,https://utexas.edu
218,Elmer,Worsnip,Elmer Worsnip,eworsnip61@photobucket.com,Male,(68)6112-7679,11/06/2064,https://ovh.net
219,Dione,Moreno,Dione Moreno,dmoreno62@mozilla.org,Female,(79)6728-9994,21/10/2065,https://zimbio.com
220,Lockwood,Wheelton,Lockwood Wheelton,lwheelton63@over-blog.com,Male,(38)0341-8569,03/02/2053,https://google.it
221,Jephthah,Jorn,Jephthah Jorn,jjorn64@telegraph.co.uk,Male,(76)6975-6630,04/12/2063,https://blinklist.com
222,Loraine,Megson,Loraine Megson,lmegson65@weather.com,Female,(56)7140-1372,03/05/2039,https://ustream.tv
223,Tandy,Lyddon,Tandy Lyddon,tlyddon66@github.com,Female,(58)6704-4882,02/11/2001,https://tripod.com
224,Melicent,Moodey,Melicent Moodey,mmoodey67@zdnet.com,Female,(77)1464-8775,09/08/2053,https://hexun.com
225,Lucila,Kerans,Lucila Kerans,lkerans68@alibaba.com,Female,(59)8431-3512,17/06/2034,https://sitemeter.com
226,Harmon,Shoutt,Harmon Shoutt,hshoutt69@mozilla.org,Male,(13)1767-0527,03/09/2027,https://dagondesign.com
227,Sallee,Arlt,Sallee Arlt,sarlt6a@dropbox.com,Female,(96)5664-9809,03/10/2057,https://adobe.com
228,Gerrie,Camfield,Gerrie Camfield,gcamfield6b@nih.gov,Male,(81)9337-0352,30/07/2079,https://bloglines.com
229,Marcile,Bunworth,Marcile Bunworth,mbunworth6c@amazonaws.com,Female,(85)1570-2324,18/04/2053,https://clickbank.net
230,Nickola,Faloon,Nickola Faloon,nfaloon6d@alexa.com,Male,(80)6377-3210,01/08/2078,https://privacy.gov.au
231,Alaric,Gonzalo,Alaric Gonzalo,agonzalo6e@odnoklassniki.ru,Male,(17)9347-2144,07/08/2054,https://seesaa.net
232,Ahmad,Northcote,Ahmad Northcote,anorthcote6f@mit.edu,Male,(40)8955-2271,31/05/2071,https://bbc.co.uk
233,Jermain,Huetson,Jermain Huetson,jhuetson6g@hexun.com,Male,(62)0183-0818,27/02/2066,https://google.co.uk
234,Izzy,Tamblyn,Izzy Tamblyn,itamblyn6h@loc.gov,Male,(19)4493-9175,26/01/2067,https://360.cn
235,Vittoria,Remmer,Vittoria Remmer,vremmer6i@springer.com,Female,(49)6228-2185,29/11/2024,https://oaic.gov.au
236,Rodney,Lewington,Rodney Lewington,rlewington6j@plala.or.jp,Male,(85)2498-4349,05/05/2064,https://angelfire.com
237,Godiva,Pincked,Godiva Pincked,gpincked6k@reference.com,Female,(78)3858-3654,11/02/2059,https://mashable.com
238,Aretha,Bottrell,Aretha Bottrell,abottrell6l@cnet.com,Female,(81)1534-8678,16/07/2078,https://kickstarter.com
239,Moise,Coburn,Moise Coburn,mcoburn6m@usatoday.com,Male,(14)3950-2045,12/01/2064,https://hud.gov
240,Sarita,Solley,Sarita Solley,ssolley6n@un.org,Female,(79)4862-9446,25/04/2058,https://skyrock.com
241,Russell,Peeter,Russell Peeter,rpeeter6o@ebay.com,Male,(88)1611-4952,23/01/2050,https://surveymonkey.com
242,Barbe,Mertsching,Barbe Mertsching,bmertsching6p@google.com.hk,Female,(96)2693-0571,08/04/2035,https://tumblr.com
243,Ruthe,Burbridge,Ruthe Burbridge,rburbridge6q@twitpic.com,Female,(86)8747-9545,22/02/2034,https://desdev.cn
244,Noach,Benninck,Noach Benninck,nbenninck6r@time.com,Male,(87)1254-5333,06/08/2023,https://usa.gov
245,Paulie,Balling,Paulie Balling,pballing6s@cloudflare.com,Male,(80)3755-9444,05/09/2002,https://cpanel.net
246,Pamella,Ameer-Beg,Pamella Ameer-Beg,pameerbeg6t@mapy.cz,Female,(38)8110-4550,24/08/2067,https://abc.net.au
247,Fransisco,Quarless,Fransisco Quarless,fquarless6u@ebay.co.uk,Male,(20)1863-7831,01/11/2050,https://4shared.com
248,Rafa,Dodamead,Rafa Dodamead,rdodamead6v@dedecms.com,Female,(82)2278-9703,30/06/2019,https://tinypic.com
249,Saunder,Yellop,Saunder Yellop,syellop6w@diigo.com,Male,(60)1860-6754,24/01/2040,https://blogtalkradio.com
250,Anatol,O'Doogan,Anatol O'Doogan,aodoogan6x@omniture.com,Male,(79)4797-5038,01/05/2067,https://posterous.com
251,Cherianne,Barnwall,Cherianne Barnwall,cbarnwall6y@hexun.com,Female,(66)7411-0028,18/09/2049,https://fda.gov
252,Genevra,Gutsell,Genevra Gutsell,ggutsell6z@apache.org,Female,(96)4446-1458,22/11/2066,https://hibu.com
253,Eustacia,Macbane,Eustacia Macbane,emacbane70@csmonitor.com,Female,(80)0397-4947,07/03/2025,https://tiny.cc
254,Michele,Gammons,Michele Gammons,mgammons71@miibeian.gov.cn,Male,(89)0211-2434,22/10/2022,https://cisco.com
255,Rory,Adanet,Rory Adanet,radanet72@g.co,Male,(75)2830-3027,20/04/2062,https://deliciousdays.com
256,Ariel,Litchmore,Ariel Litchmore,alitchmore73@loc.gov,Female,(90)1416-4891,21/02/2016,https://fda.gov
257,Joelie,Cafferty,Joelie Cafferty,jcafferty74@webnode.com,Female,(59)7785-9298,09/01/2039,https://so-net.ne.jp
258,Anders,Galilee,Anders Galilee,agalilee75@harvard.edu,Male,(72)1765-2476,20/07/2053,https://abc.net.au
259,Willdon,Eplate,Willdon Eplate,weplate76@myspace.com,Male,(51)0328-2590,08/08/2076,https://mit.edu
260,Marga,Goodnow,Marga Goodnow,mgoodnow77@squarespace.com,Female,(66)7543-3516,27/06/2017,https://hostgator.com
261,Anni,Bencher,Anni Bencher,abencher78@mayoclinic.com,Female,(95)8165-1939,25/12/2015,https://blogger.com
262,Alisha,Artingstall,Alisha Artingstall,aartingstall79@phoca.cz,Female,(19)1374-3151,19/02/2023,https://un.org
263,Cob,Stirrup,Cob Stirrup,cstirrup7a@purevolume.com,Male,(94)0184-8165,26/04/2033,https://elegantthemes.com
264,Letta,Bafford,Letta Bafford,lbafford7b@ifeng.com,Female,(91)2160-3490,20/09/2018,https://jigsy.com
265,Germain,Landeg,Germain Landeg,glandeg7c@quantcast.com,Male,(16)5484-4466,09/03/2026,https://constantcontact.com
266,Boy,Paige,Boy Paige,bpaige7d@deviantart.com,Male,(36)9426-2723,22/09/2061,https://flickr.com
267,Sigrid,Wondraschek,Sigrid Wondraschek,swondraschek7e@techcrunch.com,Female,(58)3901-6490,15/06/2076,https://yellowbook.com
268,Dillie,Spillman,Dillie Spillman,dspillman7f@furl.net,Male,(98)9386-2795,25/09/2022,https://blog.com
269,Minerva,Giannasi,Minerva Giannasi,mgiannasi7g@cafepress.com,Female,(39)0474-9471,23/03/2007,https://i2i.jp
270,Silvan,Nickless,Silvan Nickless,snickless7h@hatena.ne.jp,Male,(89)1387-8444,13/02/2057,https://bandcamp.com
271,Lorine,Harsant,Lorine Harsant,lharsant7i@xing.com,Female,(20)3703-1349,01/07/2021,https://de.vu
272,Abran,Domenici,Abran Domenici,adomenici7j@cloudflare.com,Male,(59)7994-5243,24/02/2074,https://statcounter.com
273,Barnaby,Butson,Barnaby Butson,bbutson7k@usa.gov,Male,(63)8871-2887,19/09/2005,https://wsj.com
274,Ezequiel,Raimbauld,Ezequiel Raimbauld,eraimbauld7l@desdev.cn,Male,(49)6415-5766,07/09/2016,https://berkeley.edu
275,Nollie,Jekel,Nollie Jekel,njekel7m@diigo.com,Male,(60)2118-2283,31/10/2014,https://huffingtonpost.com
276,Eli,Crier,Eli Crier,ecrier7n@pinterest.com,Male,(68)5251-6098,27/02/2017,https://thetimes.co.uk
277,Amie,Baudouin,Amie Baudouin,abaudouin7o@ucsd.edu,Female,(44)8991-3490,13/06/2039,https://yahoo.co.jp
278,Verge,Stopps,Verge Stopps,vstopps7p@ucoz.com,Male,(69)8955-7809,05/01/2005,https://uol.com.br
279,Vince,Boliver,Vince Boliver,vboliver7q@gravatar.com,Male,(36)9287-6115,13/08/2051,https://narod.ru
280,Lacey,Arnaud,Lacey Arnaud,larnaud7r@msn.com,Female,(53)5574-4949,15/05/2067,https://mozilla.org
281,Renato,Lowerson,Renato Lowerson,rlowerson7s@walmart.com,Male,(63)4172-9766,09/02/2001,https://cdc.gov
282,Farlee,Wiggins,Farlee Wiggins,fwiggins7t@mysql.com,Male,(91)4746-9367,08/07/2077,https://mlb.com
283,Roldan,Townson,Roldan Townson,rtownson7u@yellowpages.com,Male,(36)0180-4703,12/04/2050,https://bandcamp.com
284,Ibrahim,Iacapucci,Ibrahim Iacapucci,iiacapucci7v@sogou.com,Male,(35)3354-5615,24/02/2009,https://wikimedia.org
285,Jocelyne,Wardhough,Jocelyne Wardhough,jwardhough7w@cbslocal.com,Female,(34)8790-5773,25/03/2014,https://bbb.org
286,Marylin,Priestnall,Marylin Priestnall,mpriestnall7x@deviantart.com,Female,(38)8107-2135,16/01/2071,https://shop-pro.jp
287,Shay,Garrold,Shay Garrold,sgarrold7y@squidoo.com,Male,(17)0606-4735,27/05/2008,https://loc.gov
288,Demetre,Notley,Demetre Notley,dnotley7z@example.com,Male,(86)8529-0571,30/07/2021,https://miibeian.gov.cn
289,Juieta,Muscat,Juieta Muscat,jmuscat80@skype.com,Female,(73)3210-2392,14/05/2032,https://tuttocitta.it
290,Calida,Kelway,Calida Kelway,ckelway81@amazon.co.jp,Female,(45)1361-4857,08/04/2023,https://php.net
291,Roley,Bamlett,Roley Bamlett,rbamlett82@ezinearticles.com,Male,(46)1753-4701,18/06/2023,https://nyu.edu
292,Cami,Alflatt,Cami Alflatt,calflatt83@bizjournals.com,Female,(86)9457-2325,04/03/2029,https://engadget.com
293,Arni,Guitte,Arni Guitte,aguitte84@state.gov,Male,(79)3166-2882,03/12/2052,https://go.com
294,Hy,Le Fevre,Hy Le Fevre,hlefevre85@ucsd.edu,Male,(62)8480-8852,06/01/2066,https://free.fr
295,Daffy,Rosevear,Daffy Rosevear,drosevear86@nyu.edu,Female,(73)6225-7782,20/11/2038,https://hugedomains.com
296,Basilio,Robyns,Basilio Robyns,brobyns87@google.it,Male,(18)8550-7568,03/03/2073,https://oakley.com
297,Norman,Kyne,Norman Kyne,nkyne88@ask.com,Male,(38)5328-4320,23/12/2053,https://cargocollective.com
298,Winny,Dumingos,Winny Dumingos,wdumingos89@cloudflare.com,Male,(87)1131-7610,10/12/2001,https://networksolutions.com
299,Lorenzo,Keyse,Lorenzo Keyse,lkeyse8a@nsw.gov.au,Male,(16)4841-7155,09/09/2053,https://freewebs.com
300,Krystle,Jaggli,Krystle Jaggli,kjaggli8b@surveymonkey.com,Female,(60)3369-3544,27/11/2026,https://techcrunch.com
301,Costa,Grumbridge,Costa Grumbridge,cgrumbridge8c@nymag.com,Male,(58)5686-0194,12/09/2028,https://oaic.gov.au
302,Kerby,Sebrook,Kerby Sebrook,ksebrook8d@bing.com,Male,(36)9545-9353,06/07/2051,https://salon.com
303,Addie,Maiden,Addie Maiden,amaiden8e@who.int,Female,(26)2992-3062,03/06/2066,https://imageshack.us
304,Lezley,Noel,Lezley Noel,lnoel8f@xinhuanet.com,Male,(26)0148-8978,13/02/2001,https://omniture.com
305,Salvidor,Carmichael,Salvidor Carmichael,scarmichael8g@ow.ly,Male,(71)2509-8265,26/04/2052,https://army.mil
306,Carlin,Ellwood,Carlin Ellwood,cellwood8h@wp.com,Female,(71)3844-1907,22/09/2001,https://dedecms.com
307,Marjorie,Madeley,Marjorie Madeley,mmadeley8i@jugem.jp,Female,(45)4576-9574,21/03/2057,https://w3.org
308,Jen,Langdridge,Jen Langdridge,jlangdridge8j@cdc.gov,Female,(86)1490-3947,31/12/2078,https://unesco.org
309,Prudence,Midgley,Prudence Midgley,pmidgley8k@bizjournals.com,Female,(20)7749-0890,13/04/2018,https://google.pl
310,Leontine,Giraudeau,Leontine Giraudeau,lgiraudeau8l@booking.com,Female,(73)6450-0042,23/05/2073,https://storify.com
311,Idalia,Waldren,Idalia Waldren,iwaldren8m@amazon.com,Female,(80)3321-7533,10/12/2065,https://angelfire.com
312,Bari,Verheijden,Bari Verheijden,bverheijden8n@harvard.edu,Female,(94)1422-2973,25/09/2040,https://pcworld.com
313,Munroe,Thominga,Munroe Thominga,mthominga8o@smh.com.au,Male,(32)8921-0907,07/07/2064,https://edublogs.org
314,Tammy,Biskup,Tammy Biskup,tbiskup8p@apple.com,Male,(55)9468-6728,02/01/2066,https://sciencedirect.com
315,Gaelan,Wheelhouse,Gaelan Wheelhouse,gwheelhouse8q@youtube.com,Male,(59)2891-8701,17/08/2078,https://amazon.de
316,Jae,Dobkin,Jae Dobkin,jdobkin8r@dot.gov,Male,(51)4909-2305,07/08/2009,https://friendfeed.com
317,Irwinn,Pleager,Irwinn Pleager,ipleager8s@soup.io,Male,(41)5426-4031,19/04/2004,https://dailymotion.com
318,Jerri,Gohn,Jerri Gohn,jgohn8t@patch.com,Male,(94)4488-7158,20/06/2036,https://com.com
319,Eugene,Ormerod,Eugene Ormerod,eormerod8u@washingtonpost.com,Male,(40)1110-8273,30/07/2028,https://seesaa.net
320,Jessee,Malzard,Jessee Malzard,jmalzard8v@seattletimes.com,Male,(61)5466-4250,09/09/2046,https://shop-pro.jp
321,Alexander,Anstee,Alexander Anstee,aanstee8w@woothemes.com,Male,(64)0918-0127,15/04/2027,https://wix.com
322,Janith,Dovidaitis,Janith Dovidaitis,jdovidaitis8x@mac.com,Female,(63)6749-0240,30/03/2048,https://infoseek.co.jp
323,Jeannie,Mayow,Jeannie Mayow,jmayow8y@gnu.org,Female,(35)5341-7333,07/10/2032,https://posterous.com
324,Stefania,Swyn,Stefania Swyn,sswyn8z@princeton.edu,Female,(33)8488-4994,24/03/2068,https://ifeng.com
325,Muffin,Bartalot,Muffin Bartalot,mbartalot90@so-net.ne.jp,Male,(73)9843-1998,12/09/2016,https://goo.gl
326,Deeanne,Regi,Deeanne Regi,dregi91@sitemeter.com,Female,(82)7255-7444,05/08/2012,https://spotify.com
327,Kean,Flinders,Kean Flinders,kflinders92@blogtalkradio.com,Male,(76)6943-2033,28/01/2072,https://phpbb.com
328,Wolfgang,Lancaster,Wolfgang Lancaster,wlancaster93@fastcompany.com,Male,(45)5736-7234,22/05/2015,https://pinterest.com
329,Phaidra,Simonato,Phaidra Simonato,psimonato94@pcworld.com,Female,(81)2412-2358,28/01/2075,https://newsvine.com
330,Elnore,Malshinger,Elnore Malshinger,emalshinger95@businessinsider.com,Female,(70)8563-5813,06/10/2076,https://loc.gov
331,Marcelo,Wagstaffe,Marcelo Wagstaffe,mwagstaffe96@smh.com.au,Male,(92)7127-6794,10/02/2033,https://gizmodo.com
332,Cecilio,Baxster,Cecilio Baxster,cbaxster97@hp.com,Male,(28)2651-0023,24/09/2076,https://independent.co.uk
333,Sonnnie,Emmatt,Sonnnie Emmatt,semmatt98@theguardian.com,Female,(36)0527-2187,16/11/2015,https://usatoday.com
334,Shaine,Matsell,Shaine Matsell,smatsell99@oakley.com,Male,(83)7681-3478,02/05/2059,https://list-manage.com
335,Merrielle,Hellmer,Merrielle Hellmer,mhellmer9a@nymag.com,Female,(74)0310-9616,07/12/2048,https://google.cn
336,Nada,Hedde,Nada Hedde,nhedde9b@netscape.com,Female,(98)2820-1894,01/10/2050,https://aol.com
337,Nikolaos,Veldman,Nikolaos Veldman,nveldman9c@indiegogo.com,Male,(43)3743-4549,14/04/2063,https://timesonline.co.uk
338,Davida,Saph,Davida Saph,dsaph9d@ucoz.ru,Female,(56)0122-3058,15/05/2017,https://zimbio.com
339,Camilla,Youdell,Camilla Youdell,cyoudell9e@hhs.gov,Female,(71)1211-3116,09/05/2078,https://comsenz.com
340,Justin,Grundon,Justin Grundon,jgrundon9f@auda.org.au,Male,(46)4767-8588,15/07/2026,https://eventbrite.com
341,Giusto,Bowne,Giusto Bowne,gbowne9g@wisc.edu,Male,(42)7951-5602,12/02/2012,https://mtv.com
342,Sara-ann,Shellard,Sara-ann Shellard,sshellard9h@facebook.com,Female,(49)3710-4160,24/03/2052,https://blogs.com
343,Heddie,Parmby,Heddie Parmby,hparmby9i@tuttocitta.it,Female,(68)5544-5021,09/12/2053,https://zimbio.com
344,Marnie,Subhan,Marnie Subhan,msubhan9j@google.ru,Female,(26)6421-0684,13/11/2031,https://go.com
345,Claudine,Carswell,Claudine Carswell,ccarswell9k@ow.ly,Female,(16)0973-5957,17/01/2026,https://usa.gov
346,Rowe,Oxterby,Rowe Oxterby,roxterby9l@intel.com,Female,(64)3958-0165,24/05/2002,https://oakley.com
347,Lauryn,Balk,Lauryn Balk,lbalk9m@live.com,Female,(41)0661-2614,12/09/2026,https://google.nl
348,Gertrude,Serle,Gertrude Serle,gserle9n@psu.edu,Female,(52)1854-6143,17/09/2065,https://delicious.com
349,Chiquia,Shillabeer,Chiquia Shillabeer,cshillabeer9o@is.gd,Female,(64)6217-5252,19/06/2032,https://ed.gov
350,Maxi,Cammoile,Maxi Cammoile,mcammoile9p@networkadvertising.org,Female,(65)2621-8690,04/01/2021,https://ca.gov
351,Malvin,Maginot,Malvin Maginot,mmaginot9q@squarespace.com,Male,(79)1216-0269,12/12/2041,https://uiuc.edu
352,Derick,Tesoe,Derick Tesoe,dtesoe9r@comsenz.com,Male,(70)2238-0999,15/12/2059,https://chicagotribune.com
353,Kaela,Huyghe,Kaela Huyghe,khuyghe9s@exblog.jp,Female,(29)0132-1398,02/07/2034,https://ted.com
354,Charita,Edgeworth,Charita Edgeworth,cedgeworth9t@usatoday.com,Female,(14)2220-1314,18/09/2046,https://apache.org
355,Vasilis,Scamwell,Vasilis Scamwell,vscamwell9u@pcworld.com,Male,(93)2625-1415,26/05/2003,https://instagram.com
356,Granny,Struthers,Granny Struthers,gstruthers9v@upenn.edu,Male,(32)6298-0695,22/05/2042,https://omniture.com
357,Maddi,Fortune,Maddi Fortune,mfortune9w@ezinearticles.com,Female,(27)0673-1371,18/06/2055,https://newsvine.com
358,Raimund,Westgate,Raimund Westgate,rwestgate9x@creativecommons.org,Male,(35)9623-7313,14/05/2062,https://state.tx.us
359,Alfy,Wasbey,Alfy Wasbey,awasbey9y@stanford.edu,Female,(29)6618-7002,23/05/2030,https://histats.com
360,Zack,Lucchi,Zack Lucchi,zlucchi9z@liveinternet.ru,Male,(22)8883-7125,09/03/2004,https://java.com
361,Lura,Rochester,Lura Rochester,lrochestera0@sitemeter.com,Female,(70)0380-4148,11/07/2008,https://sun.com
362,Neill,Jewar,Neill Jewar,njewara1@hp.com,Male,(85)9844-5036,30/06/2052,https://sohu.com
363,Neile,Wines,Neile Wines,nwinesa2@auda.org.au,Female,(45)1573-0605,26/11/2033,https://shutterfly.com
364,Hadrian,Pulver,Hadrian Pulver,hpulvera3@skyrock.com,Male,(32)4454-1737,05/06/2040,https://zdnet.com
365,Felipe,Baitson,Felipe Baitson,fbaitsona4@youtube.com,Male,(29)1126-8058,16/04/2079,https://dot.gov
366,Milli,Caskie,Milli Caskie,mcaskiea5@constantcontact.com,Female,(25)6928-9795,26/07/2020,https://google.it
367,Anny,Yashnov,Anny Yashnov,ayashnova6@mapy.cz,Female,(90)6196-1546,24/02/2024,https://privacy.gov.au
368,Hobart,Casiroli,Hobart Casiroli,hcasirolia7@slashdot.org,Male,(70)6722-1107,28/09/2016,https://dropbox.com
369,Penelope,North,Penelope North,pnortha8@clickbank.net,Female,(49)0652-1332,30/08/2013,https://scribd.com
370,Mamie,Shade,Mamie Shade,mshadea9@nationalgeographic.com,Female,(65)7470-9969,16/05/2017,https://uol.com.br
371,Jemmy,Quaif,Jemmy Quaif,jquaifaa@nymag.com,Female,(81)2285-8867,23/06/2067,https://barnesandnoble.com
372,Tyson,Riccetti,Tyson Riccetti,triccettiab@twitter.com,Male,(70)8181-4544,09/06/2003,https://nba.com
373,Larine,Clemensen,Larine Clemensen,lclemensenac@qq.com,Female,(31)2699-7191,31/01/2004,https://comcast.net
374,Frankie,Assante,Frankie Assante,fassantead@ted.com,Male,(75)3566-9008,11/11/2065,https://scribd.com
375,Chicky,Tisun,Chicky Tisun,ctisunae@last.fm,Female,(15)0453-1687,23/05/2008,https://slideshare.net
376,Giana,Braden,Giana Braden,gbradenaf@smugmug.com,Female,(54)6343-0028,23/08/2026,https://guardian.co.uk
377,Nikolai,Kareman,Nikolai Kareman,nkaremanag@seesaa.net,Male,(93)7672-6435,30/11/2034,https://imdb.com
378,Hilary,Niess,Hilary Niess,hniessah@bizjournals.com,Female,(74)2930-6975,04/01/2060,https://wikipedia.org
379,Dean,Poulsum,Dean Poulsum,dpoulsumai@biglobe.ne.jp,Male,(44)0483-1891,21/08/2059,https://nih.gov
380,Tally,Moger,Tally Moger,tmogeraj@opensource.org,Female,(26)3664-3915,31/03/2078,https://cisco.com
381,Melba,Prendergrass,Melba Prendergrass,mprendergrassak@mapy.cz,Female,(95)3622-8645,23/11/2038,https://wisc.edu
382,Dalton,Matusiak,Dalton Matusiak,dmatusiakal@state.gov,Male,(13)0688-9894,09/01/2027,https://is.gd
383,Toddy,Semrad,Toddy Semrad,tsemradam@cnbc.com,Male,(92)7542-7630,20/01/2036,https://berkeley.edu
384,Max,Yarrington,Max Yarrington,myarringtonan@ocn.ne.jp,Male,(12)8559-4136,28/03/2079,https://webmd.com
385,Teresina,Rodliff,Teresina Rodliff,trodliffao@paypal.com,Female,(83)0141-0605,23/08/2009,https://lulu.com
386,Reinold,Worboy,Reinold Worboy,rworboyap@mozilla.com,Male,(59)2559-7814,20/02/2050,https://odnoklassniki.ru
387,Mahmud,Simenet,Mahmud Simenet,msimenetaq@usnews.com,Male,(71)3132-5323,13/05/2062,https://phpbb.com
388,Wynn,Benedtti,Wynn Benedtti,wbenedttiar@cnbc.com,Female,(73)9216-0650,01/05/2078,https://cmu.edu
389,Jessalyn,Keppe,Jessalyn Keppe,jkeppeas@topsy.com,Female,(44)7886-0933,26/03/2050,https://home.pl
390,Petr,Gilleon,Petr Gilleon,pgilleonat@woothemes.com,Male,(75)6910-5317,21/06/2006,https://gravatar.com
391,Moselle,Tooker,Moselle Tooker,mtookerau@technorati.com,Female,(83)7704-1643,29/09/2046,https://pcworld.com
392,Anatol,Bouzan,Anatol Bouzan,abouzanav@forbes.com,Male,(29)2932-4323,11/03/2066,https://mtv.com
393,Wolfie,Gutcher,Wolfie Gutcher,wgutcheraw@si.edu,Male,(24)7704-2852,22/09/2065,https://ning.com
394,Elladine,Cartmill,Elladine Cartmill,ecartmillax@mtv.com,Female,(55)2950-6892,16/06/2023,https://mtv.com
395,Glynn,Charley,Glynn Charley,gcharleyay@japanpost.jp,Male,(80)7739-2400,08/01/2061,https://ucla.edu
396,Gray,Wallenger,Gray Wallenger,gwallengeraz@dedecms.com,Male,(64)1741-9807,16/04/2043,https://whitehouse.gov
397,Susanne,Gulley,Susanne Gulley,sgulleyb0@businesswire.com,Female,(68)8364-1945,02/11/2040,https://accuweather.com
398,Carlyn,Boxell,Carlyn Boxell,cboxellb1@imgur.com,Female,(39)8537-4176,04/04/2043,https://csmonitor.com
399,Teresita,Gazzard,Teresita Gazzard,tgazzardb2@icio.us,Female,(79)8942-5848,02/03/2044,https://google.ca
400,Darnell,Creak,Darnell Creak,dcreakb3@youtu.be,Male,(14)6280-8696,18/01/2063,https://usatoday.com
401,Lib,Cullin,Lib Cullin,lcullinb4@nih.gov,Female,(32)6666-9071,02/01/2002,https://furl.net
402,Gaile,Towne,Gaile Towne,gtowneb5@samsung.com,Male,(77)5203-1720,09/02/2078,https://sitemeter.com
403,Fields,Huckabe,Fields Huckabe,fhuckabeb6@timesonline.co.uk,Male,(24)9608-9104,29/01/2059,https://wikispaces.com
404,Nona,Curwood,Nona Curwood,ncurwoodb7@bizjournals.com,Female,(63)4525-6483,27/07/2002,https://twitpic.com
405,Trefor,Douty,Trefor Douty,tdoutyb8@printfriendly.com,Male,(15)3798-7683,12/01/2059,https://timesonline.co.uk
406,Kile,Haslin,Kile Haslin,khaslinb9@studiopress.com,Male,(97)4712-8572,06/01/2078,https://cnn.com
407,Olva,Gammell,Olva Gammell,ogammellba@google.cn,Female,(79)9765-0898,19/06/2008,https://163.com
408,Minor,Swindon,Minor Swindon,mswindonbb@jugem.jp,Male,(47)7132-4231,17/07/2008,https://go.com
409,Gerik,Goldman,Gerik Goldman,ggoldmanbc@creativecommons.org,Male,(20)7707-6656,01/09/2025,https://google.it
410,Karyl,Beau,Karyl Beau,kbeaubd@dyndns.org,Female,(96)7969-3293,14/08/2073,https://go.com
411,Xena,Ingrey,Xena Ingrey,xingreybe@unc.edu,Female,(48)5882-4550,17/10/2055,https://delicious.com
412,Hunter,Warr,Hunter Warr,hwarrbf@umn.edu,Male,(95)2820-0494,05/02/2037,https://qq.com
413,Emmi,Backhouse,Emmi Backhouse,ebackhousebg@miitbeian.gov.cn,Female,(83)2263-1673,08/11/2048,https://ezinearticles.com
414,Waylan,Farnie,Waylan Farnie,wfarniebh@rediff.com,Male,(92)5745-6082,30/04/2055,https://prweb.com
415,Peirce,Quinet,Peirce Quinet,pquinetbi@google.es,Male,(60)5552-7613,10/01/2047,https://github.io
416,Benjie,Shanklin,Benjie Shanklin,bshanklinbj@istockphoto.com,Male,(94)8280-5303,24/04/2014,https://netvibes.com
417,Dean,Ailward,Dean Ailward,dailwardbk@e-recht24.de,Male,(20)4176-1923,29/04/2008,https://4shared.com
418,Brit,Wiltshier,Brit Wiltshier,bwiltshierbl@weibo.com,Male,(18)0654-0015,10/04/2017,https://scribd.com
419,Greta,Nesbitt,Greta Nesbitt,gnesbittbm@blog.com,Female,(54)1295-4409,17/03/2030,https://mit.edu
420,Bennie,Uvedale,Bennie Uvedale,buvedalebn@biglobe.ne.jp,Male,(22)4227-7703,03/09/2003,https://blogtalkradio.com
421,Norman,Baybutt,Norman Baybutt,nbaybuttbo@deviantart.com,Male,(52)5721-3047,18/11/2043,https://is.gd
422,Thomasine,Trusse,Thomasine Trusse,ttrussebp@zimbio.com,Female,(67)8283-3011,22/11/2032,https://shutterfly.com
423,Thor,Mathen,Thor Mathen,tmathenbq@friendfeed.com,Male,(86)9599-2094,28/12/2002,https://sourceforge.net
424,Larina,Coate,Larina Coate,lcoatebr@sfgate.com,Female,(83)8561-4761,05/09/2022,https://mlb.com
425,Svend,McHardy,Svend McHardy,smchardybs@ask.com,Male,(96)8883-7137,30/05/2016,https://so-net.ne.jp
426,Gerty,Gauvain,Gerty Gauvain,ggauvainbt@seesaa.net,Female,(24)9705-3729,28/05/2072,https://godaddy.com
427,Nicholle,Suddards,Nicholle Suddards,nsuddardsbu@livejournal.com,Female,(17)6105-6385,11/09/2068,https://nymag.com
428,Vina,Oxherd,Vina Oxherd,voxherdbv@wiley.com,Female,(70)8416-4812,22/12/2013,https://hostgator.com
429,Inna,Cornillot,Inna Cornillot,icornillotbw@msu.edu,Female,(90)5400-8289,19/04/2008,https://pen.io
430,Chelsae,Boseley,Chelsae Boseley,cboseleybx@about.me,Female,(59)0782-6957,07/09/2017,https://yale.edu
431,Brinna,Nicklinson,Brinna Nicklinson,bnicklinsonby@ocn.ne.jp,Female,(14)0200-4026,19/08/2076,https://cloudflare.com
432,Nani,Reilinger,Nani Reilinger,nreilingerbz@washington.edu,Female,(99)8114-9718,12/08/2069,https://timesonline.co.uk
433,Mikey,Proudler,Mikey Proudler,mproudlerc0@uol.com.br,Male,(34)1298-2840,19/11/2002,https://last.fm
434,Kent,Hefforde,Kent Hefforde,kheffordec1@newyorker.com,Male,(45)9737-7060,07/10/2049,https://godaddy.com
435,Gayelord,McCullough,Gayelord McCullough,gmcculloughc2@vk.com,Male,(32)1564-5819,10/03/2015,https://japanpost.jp
436,Honoria,Baskerville,Honoria Baskerville,hbaskervillec3@economist.com,Female,(10)5906-8297,02/12/2040,https://ow.ly
437,Michele,Guitonneau,Michele Guitonneau,mguitonneauc4@hp.com,Male,(54)0861-4215,27/11/2070,https://nps.gov
438,Rutledge,Gartsyde,Rutledge Gartsyde,rgartsydec5@cornell.edu,Male,(58)1561-4283,10/03/2031,https://si.edu
439,Stefanie,Couve,Stefanie Couve,scouvec6@indiatimes.com,Female,(68)7847-0054,09/07/2026,https://fda.gov
440,Krystle,Avery,Krystle Avery,kaveryc7@i2i.jp,Female,(94)0302-6060,18/06/2020,https://jimdo.com
441,Dunstan,Lurriman,Dunstan Lurriman,dlurrimanc8@sfgate.com,Male,(22)3234-6469,14/11/2018,https://bloglines.com
442,Suzette,Elkins,Suzette Elkins,selkinsc9@huffingtonpost.com,Female,(78)6332-8446,30/11/2047,https://weibo.com
443,Oswald,Acors,Oswald Acors,oacorsca@alibaba.com,Male,(83)9728-1650,20/03/2049,https://java.com
444,Amalle,Plumridge,Amalle Plumridge,aplumridgecb@discuz.net,Female,(56)5483-2119,31/08/2006,https://dmoz.org
445,Arthur,Attoc,Arthur Attoc,aattoccc@soundcloud.com,Male,(76)4599-2790,01/06/2038,https://nifty.com
446,Aubry,Zanazzi,Aubry Zanazzi,azanazzicd@amazon.co.jp,Female,(54)6337-3407,22/02/2037,https://tumblr.com
447,Jill,Fossick,Jill Fossick,jfossickce@etsy.com,Female,(69)5278-8593,25/02/2034,https://about.me
448,Jodi,Fishleigh,Jodi Fishleigh,jfishleighcf@jugem.jp,Female,(20)3152-9440,08/02/2024,https://istockphoto.com
449,Tarrah,Rittmeier,Tarrah Rittmeier,trittmeiercg@artisteer.com,Female,(45)5542-5593,19/06/2057,https://wikispaces.com
450,Benedicto,Sherry,Benedicto Sherry,bsherrych@comsenz.com,Male,(43)7761-0156,10/09/2031,https://github.com
451,Sigismondo,Maggs,Sigismondo Maggs,smaggsci@com.com,Male,(25)9278-3480,30/05/2032,https://mlb.com
452,Aguistin,Simony,Aguistin Simony,asimonycj@apple.com,Male,(30)3182-8466,20/01/2009,https://jalbum.net
453,Skipper,Blomfield,Skipper Blomfield,sblomfieldck@github.io,Male,(51)4469-2973,31/03/2079,https://squidoo.com
454,Chloe,Preddle,Chloe Preddle,cpreddlecl@t.co,Female,(18)4732-8871,26/10/2052,https://e-recht24.de
455,Lottie,Tanswill,Lottie Tanswill,ltanswillcm@auda.org.au,Female,(84)5430-3707,19/03/2023,https://fastcompany.com
456,Davida,Lutas,Davida Lutas,dlutascn@forbes.com,Female,(63)1573-8118,05/11/2017,https://ucla.edu
457,Tucker,Agglio,Tucker Agglio,tagglioco@stumbleupon.com,Male,(89)3756-8300,11/06/2054,https://sbwire.com
458,Wendel,Habergham,Wendel Habergham,whaberghamcp@businesswire.com,Male,(48)6235-9675,16/12/2012,https://last.fm
459,Ilsa,Mattke,Ilsa Mattke,imattkecq@virginia.edu,Female,(74)6267-3544,13/05/2055,https://bravesites.com
460,Ally,Redwall,Ally Redwall,aredwallcr@123-reg.co.uk,Female,(70)0464-0408,11/11/2057,https://nbcnews.com
461,Jaye,Ransom,Jaye Ransom,jransomcs@diigo.com,Male,(42)5831-6623,21/04/2027,https://jimdo.com
462,Sharity,Angel,Sharity Angel,sangelct@sohu.com,Female,(59)3335-0229,13/04/2058,https://businesswire.com
463,Greggory,Eastabrook,Greggory Eastabrook,geastabrookcu@merriam-webster.com,Male,(45)7208-6006,05/11/2005,https://sourceforge.net
464,Beret,Antonellini,Beret Antonellini,bantonellinicv@deviantart.com,Female,(41)5274-0700,04/03/2076,https://ocn.ne.jp
465,Jemima,Iacavone,Jemima Iacavone,jiacavonecw@seesaa.net,Female,(61)1804-4741,29/12/2053,https://shutterfly.com
466,Dane,Adney,Dane Adney,dadneycx@xinhuanet.com,Male,(46)6383-6397,14/08/2057,https://bloglovin.com
467,Elisabet,Cavill,Elisabet Cavill,ecavillcy@sfgate.com,Female,(78)3915-9221,12/11/2016,https://rakuten.co.jp
468,Darla,Harget,Darla Harget,dhargetcz@weebly.com,Female,(95)8150-9718,10/06/2046,https://123-reg.co.uk
469,Erl,Fitkin,Erl Fitkin,efitkind0@mozilla.org,Male,(56)2547-6338,07/07/2013,https://slashdot.org
470,Dania,Bulpitt,Dania Bulpitt,dbulpittd1@oakley.com,Female,(51)6501-3889,24/02/2055,https://sfgate.com
471,Tersina,Charnock,Tersina Charnock,tcharnockd2@apache.org,Female,(73)1928-6577,17/03/2018,https://wikispaces.com
472,Ambrosius,Fitzpayn,Ambrosius Fitzpayn,afitzpaynd3@stanford.edu,Male,(93)9831-1482,20/11/2039,https://fc2.com
473,Margie,Espasa,Margie Espasa,mespasad4@latimes.com,Female,(32)3430-6210,28/10/2021,https://webnode.com
474,Lion,Elkington,Lion Elkington,lelkingtond5@surveymonkey.com,Male,(42)5188-7550,05/10/2027,https://addtoany.com
475,Olga,Hoovart,Olga Hoovart,ohoovartd6@addtoany.com,Female,(30)7246-2004,29/01/2078,https://dailymotion.com
476,Roda,Marcos,Roda Marcos,rmarcosd7@tinyurl.com,Female,(22)0321-6232,24/07/2050,https://narod.ru
477,Travus,Rosettini,Travus Rosettini,trosettinid8@sohu.com,Male,(14)0750-5013,19/10/2014,https://youtu.be
478,Morten,Hymor,Morten Hymor,mhymord9@yahoo.com,Male,(25)8365-5834,06/12/2017,https://ted.com
479,Skipp,Sherebrooke,Skipp Sherebrooke,ssherebrookeda@mlb.com,Male,(67)4389-4326,13/06/2066,https://army.mil
480,Fulvia,Franklyn,Fulvia Franklyn,ffranklyndb@mediafire.com,Female,(95)0851-7808,17/02/2063,https://hatena.ne.jp
481,Eleanore,Nutkin,Eleanore Nutkin,enutkindc@webeden.co.uk,Female,(44)0271-4904,08/02/2030,https://prnewswire.com
482,Kailey,Shropsheir,Kailey Shropsheir,kshropsheirdd@vistaprint.com,Female,(85)5245-5130,21/10/2014,https://sciencedirect.com
483,Sharlene,Maltby,Sharlene Maltby,smaltbyde@pinterest.com,Female,(58)2668-4030,28/06/2023,https://tinypic.com
484,Morganica,Axon,Morganica Axon,maxondf@linkedin.com,Female,(11)1511-6999,19/12/2071,https://ning.com
485,Giordano,McCleod,Giordano McCleod,gmccleoddg@hc360.com,Male,(95)0646-2506,14/04/2059,https://wikispaces.com
486,Trescha,Anstis,Trescha Anstis,tanstisdh@purevolume.com,Female,(33)8446-0613,03/09/2075,https://bravesites.com
487,Moises,Dellenbrook,Moises Dellenbrook,mdellenbrookdi@myspace.com,Male,(76)8967-2762,12/07/2052,https://lulu.com
488,Valentino,Adamowicz,Valentino Adamowicz,vadamowiczdj@weebly.com,Male,(33)8703-6543,09/01/2076,https://g.co
489,Chance,MacAiline,Chance MacAiline,cmacailinedk@blogspot.com,Male,(38)2470-2419,06/01/2079,https://wisc.edu
490,Jermain,Orme,Jermain Orme,jormedl@noaa.gov,Male,(96)7123-6997,01/08/2021,https://usgs.gov
491,Thacher,Munden,Thacher Munden,tmundendm@sfgate.com,Male,(39)6760-9336,11/04/2004,https://yelp.com
492,Deb,Zanazzi,Deb Zanazzi,dzanazzidn@biglobe.ne.jp,Female,(94)3249-1776,03/04/2057,https://123-reg.co.uk
493,Jeremie,Hamlington,Jeremie Hamlington,jhamlingtondo@multiply.com,Male,(90)3975-8957,15/06/2038,https://reuters.com
494,Johnny,Artz,Johnny Artz,jartzdp@alibaba.com,Male,(17)3850-3027,29/07/2000,https://cnn.com
495,Rolph,McKune,Rolph McKune,rmckunedq@bluehost.com,Male,(44)8439-3507,12/08/2068,https://51.la
496,Nerta,Hourican,Nerta Hourican,nhouricandr@plala.or.jp,Female,(49)5268-6565,16/02/2040,https://reddit.com
497,Beryl,Monument,Beryl Monument,bmonumentds@gmpg.org,Female,(89)0426-0738,26/10/2032,https://cocolog-nifty.com
498,Gabriell,Beales,Gabriell Beales,gbealesdt@cam.ac.uk,Female,(46)0301-2674,24/08/2048,https://nifty.com
499,Chico,Dewdeny,Chico Dewdeny,cdewdenydu@google.nl,Male,(12)6337-7651,21/04/2077,https://studiopress.com
500,Brina,Ralestone,Brina Ralestone,bralestonedv@4shared.com,Female,(73)4864-8443,13/08/2046,https://example.com
