id,first_name,last_name,email,gender,phone,birthdate,domain
1,Jonathon,Robertet,jrobertet0@slideshare.net,Male,(436) 9807010,2015-05-10,economist.com
2,Jay,Biasini,jbiasini1@house.gov,Male,(951) 9566387,2043-05-20,cargocollective.com
3,Astra,Fludder,afludder2@mediafire.com,Female,(247) 4074141,2041-05-14,hp.com
4,Irena,Saltsberger,isaltsberger3@wix.com,Female,(687) 2685688,2035-08-03,blinklist.com
5,Zebulen,Caswall,zcaswall4@engadget.com,Male,(505) 3885771,2008-04-16,hc360.com
6,Rickert,Hubbocks,rhubbocks5@ihg.com,Male,(996) 3260744,2074-02-13,1688.com
7,Allie,Whiles,awhiles6@soup.io,Male,(203) 2945164,2053-03-18,nytimes.com
8,Hayes,Boteman,hboteman7@addthis.com,Male,(470) 8727670,2015-08-29,squidoo.com
9,Roze,Humbie,rhumbie8@e-recht24.de,Female,(842) 1628484,2036-04-13,yale.edu
10,Erika,Franies,efranies9@indiatimes.com,Female,(703) 1654036,2015-03-08,cisco.com
11,Lind,Sprakes,lsprakesa@tmall.com,Male,(732) 1044702,2022-01-29,miitbeian.gov.cn
12,Melantha,Romney,mromneyb@ifeng.com,Female,(716) 6278540,2065-01-08,freewebs.com
13,Chicky,Dabnor,cdabnorc@furl.net,Male,(350) 6571829,2064-11-28,issuu.com
14,Granville,McEntee,gmcenteed@home.pl,Male,(534) 6529894,2004-07-19,desdev.cn
15,Tannie,Fayer,tfayere@live.com,Male,(779) 8529805,2049-10-01,boston.com
16,Beauregard,Mechell,bmechellf@miibeian.gov.cn,Male,(959) 5917495,2039-04-20,surveymonkey.com
17,Norah,Moiser,nmoiserg@nps.gov,Female,(414) 4323168,2065-03-26,amazon.de
18,Jaye,Paddie,jpaddieh@aboutads.info,Male,(798) 5841536,2070-06-11,so-net.ne.jp
19,Angy,Prinn,aprinni@google.fr,Female,(644) 8380757,2022-05-11,skyrock.com
20,Eddy,Meineking,emeinekingj@sogou.com,Female,(745) 5856800,2076-06-21,odnoklassniki.ru
21,Auroora,Scrammage,ascrammagek@hostgator.com,Female,(509) 3696363,2015-04-14,mediafire.com
22,Anthiathia,Norcutt,anorcuttl@bing.com,Female,(961) 1771980,2016-11-14,nhs.uk
23,Milty,Outlaw,moutlawm@unblog.fr,Male,(449) 8700939,2045-02-15,virginia.edu
24,Gabbey,Wye,gwyen@opensource.org,Female,(306) 3786334,2049-01-07,vkontakte.ru
25,Augusto,Steedman,asteedmano@hibu.com,Male,(938) 8014431,2046-10-26,canalblog.com
26,Gabbi,Heustace,gheustacep@technorati.com,Female,(558) 7015123,2069-03-01,naver.com
27,Abba,Bavridge,abavridgeq@nyu.edu,Male,(171) 7959130,2029-08-29,ifeng.com
28,Tony,Padrick,tpadrickr@nydailynews.com,Female,(791) 5948764,2007-09-23,statcounter.com
29,Becki,Sargint,bsargints@techcrunch.com,Female,(438) 8748556,2046-05-25,naver.com
30,Haleigh,Ninnotti,hninnottit@comsenz.com,Male,(917) 5321411,2014-05-04,reverbnation.com
31,Ronny,Swiggs,rswiggsu@state.gov,Female,(799) 3525990,2075-02-24,reddit.com
32,Russell,Feldberger,rfeldbergerv@foxnews.com,Male,(783) 9417018,2038-09-24,mozilla.com
33,Rinaldo,Gendrich,rgendrichw@imageshack.us,Male,(803) 5601460,2030-09-25,msu.edu
34,Ingrid,Latta,ilattax@webeden.co.uk,Female,(230) 1399349,2025-01-23,godaddy.com
35,Art,McGeneay,amcgeneayy@netvibes.com,Male,(731) 6002827,2063-11-09,paypal.com
36,Gherardo,Lyddon,glyddonz@cafepress.com,Male,(972) 9025531,2062-03-19,moonfruit.com
37,Karel,Ghion,kghion10@yellowbook.com,Male,(808) 9771855,2010-05-05,friendfeed.com
38,Heloise,Berkley,hberkley11@zdnet.com,Female,(753) 8105814,2068-06-24,disqus.com
39,Paula,Rosander,prosander12@tripadvisor.com,Female,(976) 6003352,2021-08-29,friendfeed.com
40,Birdie,Mushrow,bmushrow13@ucsd.edu,Female,(671) 1526387,2076-08-05,ask.com
41,Bartholomeus,Dwyer,bdwyer14@simplemachines.org,Male,(383) 2122005,2007-05-18,trellian.com
42,Oswell,Chilcotte,ochilcotte15@de.vu,Male,(520) 7750919,2063-05-06,un.org
43,Courtnay,Trassler,ctrassler16@1688.com,Male,(815) 2875480,2058-10-17,globo.com
44,Margarita,Goff,mgoff17@wired.com,Female,(683) 1540089,2036-02-04,icq.com
45,Rudolfo,Whebell,rwhebell18@pagesperso-orange.fr,Male,(582) 8557482,2079-09-29,geocities.com
46,Llewellyn,Dongall,ldongall19@sitemeter.com,Male,(473) 5461754,2051-09-07,naver.com
47,Daisy,Methringham,dmethringham1a@de.vu,Female,(964) 5036547,2043-01-27,toplist.cz
48,Bear,Muldrew,bmuldrew1b@youku.com,Male,(256) 8340226,2010-10-14,java.com
49,Osborne,Gligori,ogligori1c@tinyurl.com,Male,(489) 6777304,2079-12-26,senate.gov
50,Waylan,Mountstephen,wmountstephen1d@netscape.com,Male,(206) 9780029,2017-01-15,wufoo.com
51,Shep,Braiden,sbraiden1e@unesco.org,Male,(654) 1625973,2069-11-06,sciencedirect.com
52,Bil,McNeish,bmcneish1f@utexas.edu,Male,(716) 1872310,2050-08-26,google.ru
53,Lissie,Piggen,lpiggen1g@surveymonkey.com,Female,(952) 9588953,2004-07-10,lycos.com
54,Doria,Core,dcore1h@yolasite.com,Female,(932) 4348424,2001-11-22,arstechnica.com
55,Angeli,Bartkowiak,abartkowiak1i@sciencedirect.com,Male,(202) 4503247,2018-09-15,mozilla.org
56,Ellette,Tofts,etofts1j@facebook.com,Female,(398) 7660106,2053-05-27,theguardian.com
57,Abigale,Bleackley,ableackley1k@symantec.com,Female,(344) 8680588,2023-07-25,biglobe.ne.jp
58,Stinky,Liddiatt,sliddiatt1l@reverbnation.com,Male,(842) 1005405,2000-08-23,theglobeandmail.com
59,Fredericka,Kilfedder,fkilfedder1m@liveinternet.ru,Female,(902) 9590465,2008-11-18,constantcontact.com
60,Gard,Bryson,gbryson1n@answers.com,Male,(217) 2494407,2047-10-24,upenn.edu
61,Isaak,Swaysland,iswaysland1o@pinterest.com,Male,(969) 7543315,2064-09-29,nifty.com
62,Ailee,Benediktovich,abenediktovich1p@oracle.com,Female,(600) 7004249,2019-06-08,msn.com
63,Mathias,Ewols,mewols1q@acquirethisname.com,Male,(517) 6391398,2002-11-21,diigo.com
64,Eda,Revance,erevance1r@samsung.com,Female,(356) 3070623,2003-12-20,tmall.com
65,Ynes,Cullinan,ycullinan1s@apple.com,Female,(213) 1665883,2022-12-04,bbb.org
66,Cathrine,Espinazo,cespinazo1t@msn.com,Female,(200) 3315021,2019-12-22,google.nl
67,Lalo,Dmitriev,ldmitriev1u@unc.edu,Male,(685) 9117489,2071-06-11,seesaa.net
68,Christine,Brighouse,cbrighouse1v@squidoo.com,Female,(287) 4014021,2046-03-27,vinaora.com
69,Niel,Kitteridge,nkitteridge1w@friendfeed.com,Male,(968) 1054380,2023-09-11,theglobeandmail.com
70,Bobbye,Tonepohl,btonepohl1x@springer.com,Female,(991) 4119306,2021-01-17,washingtonpost.com
71,Charity,MacMillan,cmacmillan1y@jalbum.net,Female,(600) 5477482,2024-03-17,friendfeed.com
72,Cord,Phalp,cphalp1z@symantec.com,Male,(359) 2762238,2016-01-17,delicious.com
73,Lura,Rollinshaw,lrollinshaw20@home.pl,Female,(495) 7276646,2002-12-19,mlb.com
74,Pamella,Kanter,pkanter21@scribd.com,Female,(436) 1958505,2008-02-29,comcast.net
75,Adriane,Belch,abelch22@google.fr,Female,(702) 7029737,2078-01-23,sphinn.com
76,Danila,Bennetto,dbennetto23@bing.com,Female,(718) 3231457,2041-09-22,dailymail.co.uk
77,Sallyann,Jancso,sjancso24@meetup.com,Female,(369) 2133578,2062-05-04,mozilla.com
78,Alvera,Godfray,agodfray25@mediafire.com,Female,(339) 2520860,2028-12-27,yelp.com
79,Valle,Burril,vburril26@ehow.com,Male,(551) 8188383,2031-07-08,youtube.com
80,Axe,Reeken,areeken27@redcross.org,Male,(838) 6003165,2043-02-06,cnn.com
81,Heriberto,Di Biagi,hdibiagi28@vinaora.com,Male,(230) 7581326,2042-10-04,uiuc.edu
82,Petrina,Alty,palty29@phoca.cz,Female,(228) 9622032,2065-10-28,tumblr.com
83,Willamina,Rendall,wrendall2a@comsenz.com,Female,(584) 1966803,2052-12-07,soup.io
84,Merralee,Livermore,mlivermore2b@twitter.com,Female,(382) 4996157,2021-10-14,businessinsider.com
85,Bert,Petrillo,bpetrillo2c@discuz.net,Female,(231) 7382817,2040-06-14,hc360.com
86,Lizabeth,Blackaller,lblackaller2d@seesaa.net,Female,(920) 6001596,2041-03-14,who.int
87,Gabie,Woodlands,gwoodlands2e@cnn.com,Male,(933) 8752730,2031-03-29,google.fr
88,Mylo,Corris,mcorris2f@rambler.ru,Male,(596) 3054877,2060-07-11,hp.com
89,Mackenzie,Harry,mharry2g@artisteer.com,Male,(990) 4274765,2076-10-04,cafepress.com
90,Delmar,Brobyn,dbrobyn2h@diigo.com,Male,(596) 9335701,2066-09-07,github.io
91,Tobi,Huddleston,thuddleston2i@archive.org,Female,(641) 7510392,2076-04-28,sphinn.com
92,Pippo,Weatherhill,pweatherhill2j@tripod.com,Male,(742) 9323062,2044-03-05,tamu.edu
93,Austin,Gellan,agellan2k@wufoo.com,Female,(382) 9855474,2069-09-06,tiny.cc
94,Verile,Antonucci,vantonucci2l@mac.com,Female,(446) 5236381,2076-01-28,liveinternet.ru
95,Ileane,Buick,ibuick2m@java.com,Female,(129) 2861831,2041-06-24,sakura.ne.jp
96,Vivie,Littleproud,vlittleproud2n@soup.io,Female,(102) 3826251,2048-07-30,hud.gov
97,Guinna,Orehead,gorehead2o@instagram.com,Female,(923) 4055269,2008-01-24,delicious.com
98,Ellery,Heggadon,eheggadon2p@weibo.com,Male,(975) 2671013,2058-07-26,tripadvisor.com
99,Demetri,Egger,degger2q@java.com,Male,(929) 3059545,2012-03-24,upenn.edu
100,Bartram,Dillestone,bdillestone2r@chronoengine.com,Male,(509) 5103396,2053-02-20,is.gd
101,Vladimir,Jakobssen,vjakobssen2s@sfgate.com,Male,(117) 7688080,2009-09-14,constantcontact.com
102,Felicdad,Betun,fbetun2t@sbwire.com,Female,(170) 8692429,2073-02-07,edublogs.org
103,Janela,Burnand,jburnand2u@discovery.com,Female,(405) 9324982,2069-08-21,npr.org
104,Kimble,Allwell,kallwell2v@cnet.com,Male,(432) 3743020,2070-06-09,blogtalkradio.com
105,Ransom,Kase,rkase2w@tmall.com,Male,(571) 1124704,2065-03-18,microsoft.com
106,Yalonda,Midgely,ymidgely2x@surveymonkey.com,Female,(162) 6245764,2001-06-15,uol.com.br
107,Madelena,Hammerson,mhammerson2y@aol.com,Female,(991) 9641033,2025-02-22,ucsd.edu
108,Bowie,O'Lynn,bolynn2z@harvard.edu,Male,(507) 7297665,2069-09-01,gnu.org
109,Jenelle,McLevie,jmclevie30@merriam-webster.com,Female,(913) 3937825,2014-02-25,nasa.gov
110,Karissa,While,kwhile31@eepurl.com,Female,(187) 4933542,2005-03-30,usgs.gov
111,Christophorus,McGruar,cmcgruar32@webnode.com,Male,(225) 1158476,2052-10-12,sciencedirect.com
112,Abbe,Forlonge,aforlonge33@independent.co.uk,Female,(539) 9964954,2003-07-23,multiply.com
113,Baudoin,Rebbeck,brebbeck34@godaddy.com,Male,(538) 5087911,2063-10-05,vimeo.com
114,Renato,Davidof,rdavidof35@over-blog.com,Male,(502) 7273992,2070-12-06,yellowbook.com
115,Giraldo,Jerrim,gjerrim36@senate.gov,Male,(616) 1552740,2071-05-13,hexun.com
116,Emyle,Enrdigo,eenrdigo37@vistaprint.com,Female,(954) 1813156,2004-06-02,123-reg.co.uk
117,Davy,Jaan,djaan38@miibeian.gov.cn,Male,(241) 7759924,2036-05-07,t-online.de
118,Klara,Georgins,kgeorgins39@elpais.com,Female,(487) 1999002,2028-11-12,sbwire.com
119,Nathan,Derle,nderle3a@g.co,Male,(890) 4001100,2021-02-14,wisc.edu
120,Miriam,Aylett,maylett3b@chron.com,Female,(813) 2666964,2064-01-14,thetimes.co.uk
121,Remus,Ledeker,rledeker3c@networkadvertising.org,Male,(418) 8211439,2007-04-18,moonfruit.com
122,Peg,Buckwell,pbuckwell3d@google.com.au,Female,(553) 8307501,2004-09-22,reuters.com
123,Carissa,Carslaw,ccarslaw3e@timesonline.co.uk,Female,(766) 8499121,2044-08-23,mail.ru
124,Concordia,Ibberson,cibberson3f@tmall.com,Female,(506) 4939354,2012-12-09,toplist.cz
125,Josephina,Pratton,jpratton3g@yellowbook.com,Female,(955) 9488862,2007-07-19,apple.com
126,Randolph,Hardiker,rhardiker3h@4shared.com,Male,(874) 4139414,2073-02-03,storify.com
127,Maddy,Stelljes,mstelljes3i@altervista.org,Male,(311) 2695847,2057-11-23,upenn.edu
128,Aubrey,Guion,aguion3j@opensource.org,Male,(474) 3712241,2058-11-07,telegraph.co.uk
129,Valerye,Spowage,vspowage3k@ehow.com,Female,(386) 3470223,2022-10-20,bravesites.com
130,Nariko,Ferran,nferran3l@ustream.tv,Female,(102) 6852981,2036-04-09,utexas.edu
131,Milicent,Riep,mriep3m@bravesites.com,Female,(335) 3415237,2017-10-12,auda.org.au
132,Stillmann,Delgado,sdelgado3n@reuters.com,Male,(276) 2675549,2069-01-07,webnode.com
133,Kasey,Philip,kphilip3o@newyorker.com,Female,(704) 3625041,2034-05-13,vk.com
134,Phaidra,Hurnell,phurnell3p@hc360.com,Female,(277) 8425035,2053-10-05,fda.gov
135,Sargent,Blaise,sblaise3q@msu.edu,Male,(407) 5676844,2022-11-01,ebay.com
136,Fawn,Stainson,fstainson3r@oaic.gov.au,Female,(701) 9648619,2047-05-31,tinyurl.com
137,Dominic,Petry,dpetry3s@ehow.com,Male,(432) 8418192,2068-06-21,booking.com
138,Hubert,Di Antonio,hdiantonio3t@netscape.com,Male,(242) 9081795,2022-01-19,va.gov
139,Chaim,Blackesland,cblackesland3u@arstechnica.com,Male,(611) 2233294,2046-10-09,unicef.org
140,Phil,Le-Good,plegood3v@artisteer.com,Male,(462) 1632172,2008-09-11,lulu.com
141,Skip,Duddle,sduddle3w@wikia.com,Male,(356) 3855478,2026-06-04,ox.ac.uk
142,Guinna,Pettican,gpettican3x@hexun.com,Female,(203) 9067731,2077-05-03,kickstarter.com
143,Angil,Few,afew3y@dell.com,Female,(434) 1670635,2033-07-19,bloglovin.com
144,Pincas,Rachuig,prachuig3z@loc.gov,Male,(200) 6394270,2046-04-22,craigslist.org
145,Luciana,Beynon,lbeynon40@ucsd.edu,Female,(807) 3509907,2073-09-16,auda.org.au
146,Cristal,Gonzales,cgonzales41@nyu.edu,Female,(967) 8533517,2027-06-11,dot.gov
147,Donna,Nequest,dnequest42@webnode.com,Female,(701) 4617597,2071-04-16,prnewswire.com
148,Min,Mandy,mmandy43@pagesperso-orange.fr,Female,(508) 7127939,2037-10-09,lulu.com
149,Vick,Skittles,vskittles44@cornell.edu,Male,(320) 1847290,2013-01-04,chron.com
150,Mozes,Laba,mlaba45@51.la,Male,(226) 2154399,2002-01-09,businessweek.com
151,Viviana,Armatidge,varmatidge46@ed.gov,Female,(447) 7829140,2028-06-03,com.com
152,Leelah,Bovaird,lbovaird47@friendfeed.com,Female,(553) 9439198,2044-01-07,twitpic.com
153,Ianthe,Ivasechko,iivasechko48@scientificamerican.com,Female,(947) 4531319,2060-03-22,newsvine.com
154,Betsey,Rudeyeard,brudeyeard49@telegraph.co.uk,Female,(850) 3400316,2024-12-02,posterous.com
155,Tammara,Cone,tcone4a@time.com,Female,(346) 8322441,2028-05-25,google.de
156,Seamus,Tuhy,stuhy4b@java.com,Male,(949) 7265865,2013-09-15,ucla.edu
157,Cherida,McCuffie,cmccuffie4c@noaa.gov,Female,(863) 5076301,2056-10-06,adobe.com
158,Elvina,Drust,edrust4d@google.it,Female,(172) 4112144,2061-09-26,hc360.com
159,Gretal,Townes,gtownes4e@uol.com.br,Female,(275) 9300409,2039-12-05,hud.gov
160,Pavel,Parfitt,pparfitt4f@usda.gov,Male,(229) 6786673,2072-07-08,washingtonpost.com
161,Llywellyn,Dominguez,ldominguez4g@csmonitor.com,Male,(754) 5581704,2014-06-28,mail.ru
162,Kassandra,Abraham,kabraham4h@liveinternet.ru,Female,(501) 7615167,2023-05-12,answers.com
163,Connor,Bullene,cbullene4i@soundcloud.com,Male,(429) 3117210,2033-10-29,dyndns.org
164,Brynn,Formoy,bformoy4j@bloomberg.com,Female,(559) 8464510,2064-12-16,paypal.com
165,Stu,Storrie,sstorrie4k@flickr.com,Male,(329) 9469938,2042-05-29,lulu.com
166,Budd,Palle,bpalle4l@sbwire.com,Male,(639) 1561480,2029-04-03,about.com
167,Madonna,Tewkesbury.,mtewkesbury4m@nyu.edu,Female,(313) 2569953,2079-11-24,ow.ly
168,Corabel,Morrilly,cmorrilly4n@dailymail.co.uk,Female,(900) 2783621,2026-08-24,icq.com
169,Mikey,Hightown,mhightown4o@bloglovin.com,Male,(437) 1521273,2032-08-20,nifty.com
170,Thaxter,Bothen,tbothen4p@irs.gov,Male,(755) 8196069,2075-02-19,nih.gov
171,Roseanna,Barck,rbarck4q@123-reg.co.uk,Female,(343) 6813079,2053-12-29,dell.com
172,Marco,Marre,mmarre4r@blinklist.com,Male,(835) 8371631,2064-09-11,narod.ru
173,Vilhelmina,Normandale,vnormandale4s@google.com.au,Female,(578) 7922571,2076-10-10,howstuffworks.com
174,Leda,Hannigan,lhannigan4t@homestead.com,Female,(518) 5389205,2074-09-12,rakuten.co.jp
175,Nissy,Kieran,nkieran4u@flickr.com,Female,(734) 3053010,2003-09-18,marriott.com
176,Sharline,Gouley,sgouley4v@photobucket.com,Female,(688) 7533988,2070-12-23,addtoany.com
177,Isaac,Stallwood,istallwood4w@posterous.com,Male,(482) 2197220,2025-07-03,zdnet.com
178,Pen,Sloegrave,psloegrave4x@globo.com,Female,(801) 7111378,2066-01-31,google.de
179,Arvy,Beachem,abeachem4y@who.int,Male,(143) 3970492,2045-12-02,admin.ch
180,Anatol,Land,aland4z@webmd.com,Male,(722) 4114768,2006-07-20,google.it
181,Cristine,Nevin,cnevin50@elegantthemes.com,Female,(641) 9263061,2017-01-30,exblog.jp
182,Nickolas,Spaduzza,nspaduzza51@slideshare.net,Male,(577) 6791439,2053-12-05,naver.com
183,Ransell,Dyer,rdyer52@tuttocitta.it,Male,(526) 5215998,2045-03-03,google.com.au
184,Garrek,Orrow,gorrow53@elpais.com,Male,(553) 6628181,2008-02-01,tinyurl.com
185,Zorah,Halesworth,zhalesworth54@jigsy.com,Female,(429) 9314103,2010-09-18,purevolume.com
186,Bailie,Smittoune,bsmittoune55@alexa.com,Male,(655) 5132814,2055-09-25,usatoday.com
187,Minor,Piddlesden,mpiddlesden56@sohu.com,Male,(729) 4313483,2034-09-05,cnn.com
188,Odessa,Rape,orape57@fastcompany.com,Female,(235) 4143665,2080-02-20,independent.co.uk
189,Christoforo,Bulley,cbulley58@va.gov,Male,(575) 8878424,2020-10-19,angelfire.com
190,Farrel,Casella,fcasella59@stumbleupon.com,Male,(439) 2917126,2023-11-11,drupal.org
191,Cullin,Bohlje,cbohlje5a@instagram.com,Male,(693) 4059088,2018-05-12,hibu.com
192,Modesta,Kaysor,mkaysor5b@sakura.ne.jp,Female,(953) 2779249,2046-09-20,dion.ne.jp
193,Agnes,Larkin,alarkin5c@ow.ly,Female,(981) 1826561,2022-11-04,google.com.br
194,Lane,Westover,lwestover5d@ucsd.edu,Male,(815) 9042729,2045-07-25,icio.us
195,Herb,Adnett,hadnett5e@sfgate.com,Male,(259) 4830002,2002-10-07,rakuten.co.jp
196,Dianna,Lundberg,dlundberg5f@webeden.co.uk,Female,(433) 2938331,2037-03-25,upenn.edu
197,Birgitta,Pavlasek,bpavlasek5g@facebook.com,Female,(106) 4334892,2008-06-27,ifeng.com
198,Calypso,Bianco,cbianco5h@ask.com,Female,(312) 5508659,2071-01-18,zimbio.com
199,Austine,Scollard,ascollard5i@ameblo.jp,Female,(740) 1073659,2034-02-08,storify.com
200,Welbie,Baroch,wbaroch5j@tumblr.com,Male,(670) 4005726,2045-09-10,1und1.de
201,Debbi,Woollaston,dwoollaston5k@ezinearticles.com,Female,(691) 8496170,2073-11-13,a8.net
202,Torey,Mixer,tmixer5l@ucsd.edu,Male,(279) 4244959,2065-11-28,uiuc.edu
203,Benedetta,Aisman,baisman5m@bandcamp.com,Female,(313) 8307349,2053-01-04,uiuc.edu
204,Osbourn,Brenard,obrenard5n@cocolog-nifty.com,Male,(775) 3339304,2070-05-05,apple.com
205,Alys,Normabell,anormabell5o@wordpress.org,Female,(403) 6544908,2007-04-14,prnewswire.com
206,Diena,Kupisz,dkupisz5p@nasa.gov,Female,(155) 7284002,2045-04-12,usda.gov
207,Ephraim,Karpmann,ekarpmann5q@a8.net,Male,(863) 9606807,2003-10-02,ebay.com
208,Veriee,Mayfield,vmayfield5r@cbslocal.com,Female,(995) 9902740,2056-11-01,etsy.com
209,Maitilde,Iacovone,miacovone5s@sitemeter.com,Female,(622) 8754916,2024-02-21,mayoclinic.com
210,Doralynne,Cleever,dcleever5t@quantcast.com,Female,(280) 1738598,2014-04-01,bing.com
211,Augustine,Hardi,ahardi5u@narod.ru,Male,(596) 6596015,2076-08-05,mlb.com
212,Leontyne,Loud,lloud5v@harvard.edu,Female,(515) 1061748,2003-05-26,phoca.cz
213,Denny,Lory,dlory5w@cnbc.com,Male,(475) 2468203,2035-08-22,bizjournals.com
214,Shani,Shearn,sshearn5x@4shared.com,Female,(148) 3203692,2049-10-11,goo.gl
215,Tibold,Leehane,tleehane5y@wufoo.com,Male,(734) 1904810,2047-07-27,irs.gov
216,Doll,Tebbitt,dtebbitt5z@google.pl,Female,(964) 2042187,2000-11-28,harvard.edu
217,Harlin,Joska,hjoska60@who.int,Male,(248) 9275097,2010-02-11,utexas.edu
218,Elmer,Worsnip,eworsnip61@photobucket.com,Male,(686) 1127679,2064-06-11,ovh.net
219,Dione,Moreno,dmoreno62@mozilla.org,Female,(796) 7289994,2065-10-21,zimbio.com
220,Lockwood,Wheelton,lwheelton63@over-blog.com,Male,(380) 3418569,2053-02-03,google.it
221,Jephthah,Jorn,jjorn64@telegraph.co.uk,Male,(766) 9756630,2063-12-04,blinklist.com
222,Loraine,Megson,lmegson65@weather.com,Female,(567) 1401372,2039-05-03,ustream.tv
223,Tandy,Lyddon,tlyddon66@github.com,Female,(586) 7044882,2001-11-02,tripod.com
224,Melicent,Moodey,mmoodey67@zdnet.com,Female,(771) 4648775,2053-08-09,hexun.com
225,Lucila,Kerans,lkerans68@alibaba.com,Female,(598) 4313512,2034-06-17,sitemeter.com
226,Harmon,Shoutt,hshoutt69@mozilla.org,Male,(131) 7670527,2027-09-03,dagondesign.com
227,Sallee,Arlt,sarlt6a@dropbox.com,Female,(965) 6649809,2057-10-03,adobe.com
228,Gerrie,Camfield,gcamfield6b@nih.gov,Male,(819) 3370352,2079-07-30,bloglines.com
229,Marcile,Bunworth,mbunworth6c@amazonaws.com,Female,(851) 5702324,2053-04-18,clickbank.net
230,Nickola,Faloon,nfaloon6d@alexa.com,Male,(806) 3773210,2078-08-01,privacy.gov.au
231,Alaric,Gonzalo,agonzalo6e@odnoklassniki.ru,Male,(179) 3472144,2054-08-07,seesaa.net
232,Ahmad,Northcote,anorthcote6f@mit.edu,Male,(408) 9552271,2071-05-31,bbc.co.uk
233,Jermain,Huetson,jhuetson6g@hexun.com,Male,(620) 1830818,2066-02-27,google.co.uk
234,Izzy,Tamblyn,itamblyn6h@loc.gov,Male,(194) 4939175,2067-01-26,360.cn
235,Vittoria,Remmer,vremmer6i@springer.com,Female,(496) 2282185,2024-11-29,oaic.gov.au
236,Rodney,Lewington,rlewington6j@plala.or.jp,Male,(852) 4984349,2064-05-05,angelfire.com
237,Godiva,Pincked,gpincked6k@reference.com,Female,(783) 8583654,2059-02-11,mashable.com
238,Aretha,Bottrell,abottrell6l@cnet.com,Female,(811) 5348678,2078-07-16,kickstarter.com
239,Moise,Coburn,mcoburn6m@usatoday.com,Male,(143) 9502045,2064-01-12,hud.gov
240,Sarita,Solley,ssolley6n@un.org,Female,(794) 8629446,2058-04-25,skyrock.com
241,Russell,Peeter,rpeeter6o@ebay.com,Male,(881) 6114952,2050-01-23,surveymonkey.com
242,Barbe,Mertsching,bmertsching6p@google.com.hk,Female,(962) 6930571,2035-04-08,tumblr.com
243,Ruthe,Burbridge,rburbridge6q@twitpic.com,Female,(868) 7479545,2034-02-22,desdev.cn
244,Noach,Benninck,nbenninck6r@time.com,Male,(871) 2545333,2023-08-06,usa.gov
245,Paulie,Balling,pballing6s@cloudflare.com,Male,(803) 7559444,2002-09-05,cpanel.net
246,Pamella,Ameer-Beg,pameerbeg6t@mapy.cz,Female,(388) 1104550,2067-08-24,abc.net.au
247,Fransisco,Quarless,fquarless6u@ebay.co.uk,Male,(201) 8637831,2050-11-01,4shared.com
248,Rafa,Dodamead,rdodamead6v@dedecms.com,Female,(822) 2789703,2019-06-30,tinypic.com
249,Saunder,Yellop,syellop6w@diigo.com,Male,(601) 8606754,2040-01-24,blogtalkradio.com
250,Anatol,O'Doogan,aodoogan6x@omniture.com,Male,(794) 7975038,2067-05-01,posterous.com
251,Cherianne,Barnwall,cbarnwall6y@hexun.com,Female,(667) 4110028,2049-09-18,fda.gov
252,Genevra,Gutsell,ggutsell6z@apache.org,Female,(964) 4461458,2066-11-22,hibu.com
253,Eustacia,Macbane,emacbane70@csmonitor.com,Female,(800) 3974947,2025-03-07,tiny.cc
254,Michele,Gammons,mgammons71@miibeian.gov.cn,Male,(890) 2112434,2022-10-22,cisco.com
255,Rory,Adanet,radanet72@g.co,Male,(752) 8303027,2062-04-20,deliciousdays.com
256,Ariel,Litchmore,alitchmore73@loc.gov,Female,(901) 4164891,2016-02-21,fda.gov
257,Joelie,Cafferty,jcafferty74@webnode.com,Female,(597) 7859298,2039-01-09,so-net.ne.jp
258,Anders,Galilee,agalilee75@harvard.edu,Male,(721) 7652476,2053-07-20,abc.net.au
259,Willdon,Eplate,weplate76@myspace.com,Male,(510) 3282590,2076-08-08,mit.edu
260,Marga,Goodnow,mgoodnow77@squarespace.com,Female,(667) 5433516,2017-06-27,hostgator.com
261,Anni,Bencher,abencher78@mayoclinic.com,Female,(958) 1651939,2015-12-25,blogger.com
262,Alisha,Artingstall,aartingstall79@phoca.cz,Female,(191) 3743151,2023-02-19,un.org
263,Cob,Stirrup,cstirrup7a@purevolume.com,Male,(940) 1848165,2033-04-26,elegantthemes.com
264,Letta,Bafford,lbafford7b@ifeng.com,Female,(912) 1603490,2018-09-20,jigsy.com
265,Germain,Landeg,glandeg7c@quantcast.com,Male,(165) 4844466,2026-03-09,constantcontact.com
266,Boy,Paige,bpaige7d@deviantart.com,Male,(369) 4262723,2061-09-22,flickr.com
267,Sigrid,Wondraschek,swondraschek7e@techcrunch.com,Female,(583) 9016490,2076-06-15,yellowbook.com
268,Dillie,Spillman,dspillman7f@furl.net,Male,(989) 3862795,2022-09-25,blog.com
269,Minerva,Giannasi,mgiannasi7g@cafepress.com,Female,(390) 4749471,2007-03-23,i2i.jp
270,Silvan,Nickless,snickless7h@hatena.ne.jp,Male,(891) 3878444,2057-02-13,bandcamp.com
271,Lorine,Harsant,lharsant7i@xing.com,Female,(203) 7031349,2021-07-01,de.vu
272,Abran,Domenici,adomenici7j@cloudflare.com,Male,(597) 9945243,2074-02-24,statcounter.com
273,Barnaby,Butson,bbutson7k@usa.gov,Male,(638) 8712887,2005-09-19,wsj.com
274,Ezequiel,Raimbauld,eraimbauld7l@desdev.cn,Male,(496) 4155766,2016-09-07,berkeley.edu
275,Nollie,Jekel,njekel7m@diigo.com,Male,(602) 1182283,2014-10-31,huffingtonpost.com
276,Eli,Crier,ecrier7n@pinterest.com,Male,(685) 2516098,2017-02-27,thetimes.co.uk
277,Amie,Baudouin,abaudouin7o@ucsd.edu,Female,(448) 9913490,2039-06-13,yahoo.co.jp
278,Verge,Stopps,vstopps7p@ucoz.com,Male,(698) 9557809,2005-01-05,uol.com.br
279,Vince,Boliver,vboliver7q@gravatar.com,Male,(369) 2876115,2051-08-13,narod.ru
280,Lacey,Arnaud,larnaud7r@msn.com,Female,(535) 5744949,2067-05-15,mozilla.org
281,Renato,Lowerson,rlowerson7s@walmart.com,Male,(634) 1729766,2001-02-09,cdc.gov
282,Farlee,Wiggins,fwiggins7t@mysql.com,Male,(914) 7469367,2077-07-08,mlb.com
283,Roldan,Townson,rtownson7u@yellowpages.com,Male,(360) 1804703,2050-04-12,bandcamp.com
284,Ibrahim,Iacapucci,iiacapucci7v@sogou.com,Male,(353) 3545615,2009-02-24,wikimedia.org
285,Jocelyne,Wardhough,jwardhough7w@cbslocal.com,Female,(348) 7905773,2014-03-25,bbb.org
286,Marylin,Priestnall,mpriestnall7x@deviantart.com,Female,(388) 1072135,2071-01-16,shop-pro.jp
287,Shay,Garrold,sgarrold7y@squidoo.com,Male,(170) 6064735,2008-05-27,loc.gov
288,Demetre,Notley,dnotley7z@example.com,Male,(868) 5290571,2021-07-30,miibeian.gov.cn
289,Juieta,Muscat,jmuscat80@skype.com,Female,(733) 2102392,2032-05-14,tuttocitta.it
290,Calida,Kelway,ckelway81@amazon.co.jp,Female,(451) 3614857,2023-04-08,php.net
291,Roley,Bamlett,rbamlett82@ezinearticles.com,Male,(461) 7534701,2023-06-18,nyu.edu
292,Cami,Alflatt,calflatt83@bizjournals.com,Female,(869) 4572325,2029-03-04,engadget.com
293,Arni,Guitte,aguitte84@state.gov,Male,(793) 1662882,2052-12-03,go.com
294,Hy,Le Fevre,hlefevre85@ucsd.edu,Male,(628) 4808852,2066-01-06,free.fr
295,Daffy,Rosevear,drosevear86@nyu.edu,Female,(736) 2257782,2038-11-20,hugedomains.com
296,Basilio,Robyns,brobyns87@google.it,Male,(188) 5507568,2073-03-03,oakley.com
297,Norman,Kyne,nkyne88@ask.com,Male,(385) 3284320,2053-12-23,cargocollective.com
298,Winny,Dumingos,wdumingos89@cloudflare.com,Male,(871) 1317610,2001-12-10,networksolutions.com
299,Lorenzo,Keyse,lkeyse8a@nsw.gov.au,Male,(164) 8417155,2053-09-09,freewebs.com
300,Krystle,Jaggli,kjaggli8b@surveymonkey.com,Female,(603) 3693544,2026-11-27,techcrunch.com
301,Costa,Grumbridge,cgrumbridge8c@nymag.com,Male,(585) 6860194,2028-09-12,oaic.gov.au
302,Kerby,Sebrook,ksebrook8d@bing.com,Male,(369) 5459353,2051-07-06,salon.com
303,Addie,Maiden,amaiden8e@who.int,Female,(262) 9923062,2066-06-03,imageshack.us
304,Lezley,Noel,lnoel8f@xinhuanet.com,Male,(260) 1488978,2001-02-13,omniture.com
305,Salvidor,Carmichael,scarmichael8g@ow.ly,Male,(712) 5098265,2052-04-26,army.mil
306,Carlin,Ellwood,cellwood8h@wp.com,Female,(713) 8441907,2001-09-22,dedecms.com
307,Marjorie,Madeley,mmadeley8i@jugem.jp,Female,(454) 5769574,2057-03-21,w3.org
308,Jen,Langdridge,jlangdridge8j@cdc.gov,Female,(861) 4903947,2078-12-31,unesco.org
309,Prudence,Midgley,pmidgley8k@bizjournals.com,Female,(207) 7490890,2018-04-13,google.pl
310,Leontine,Giraudeau,lgiraudeau8l@booking.com,Female,(736) 4500042,2073-05-23,storify.com
311,Idalia,Waldren,iwaldren8m@amazon.com,Female,(803) 3217533,2065-12-10,angelfire.com
312,Bari,Verheijden,bverheijden8n@harvard.edu,Female,(941) 4222973,2040-09-25,pcworld.com
313,Munroe,Thominga,mthominga8o@smh.com.au,Male,(328) 9210907,2064-07-07,edublogs.org
314,Tammy,Biskup,tbiskup8p@apple.com,Male,(559) 4686728,2066-01-02,sciencedirect.com
315,Gaelan,Wheelhouse,gwheelhouse8q@youtube.com,Male,(592) 8918701,2078-08-17,amazon.de
316,Jae,Dobkin,jdobkin8r@dot.gov,Male,(514) 9092305,2009-08-07,friendfeed.com
317,Irwinn,Pleager,ipleager8s@soup.io,Male,(415) 4264031,2004-04-19,dailymotion.com
318,Jerri,Gohn,jgohn8t@patch.com,Male,(944) 4887158,2036-06-20,com.com
319,Eugene,Ormerod,eormerod8u@washingtonpost.com,Male,(401) 1108273,2028-07-30,seesaa.net
320,Jessee,Malzard,jmalzard8v@seattletimes.com,Male,(615) 4664250,2046-09-09,shop-pro.jp
321,Alexander,Anstee,aanstee8w@woothemes.com,Male,(640) 9180127,2027-04-15,wix.com
322,Janith,Dovidaitis,jdovidaitis8x@mac.com,Female,(636) 7490240,2048-03-30,infoseek.co.jp
323,Jeannie,Mayow,jmayow8y@gnu.org,Female,(355) 3417333,2032-10-07,posterous.com
324,Stefania,Swyn,sswyn8z@princeton.edu,Female,(338) 4884994,2068-03-24,ifeng.com
325,Muffin,Bartalot,mbartalot90@so-net.ne.jp,Male,(739) 8431998,2016-09-12,goo.gl
326,Deeanne,Regi,dregi91@sitemeter.com,Female,(827) 2557444,2012-08-05,spotify.com
327,Kean,Flinders,kflinders92@blogtalkradio.com,Male,(766) 9432033,2072-01-28,phpbb.com
328,Wolfgang,Lancaster,wlancaster93@fastcompany.com,Male,(455) 7367234,2015-05-22,pinterest.com
329,Phaidra,Simonato,psimonato94@pcworld.com,Female,(812) 4122358,2075-01-28,newsvine.com
330,Elnore,Malshinger,emalshinger95@businessinsider.com,Female,(708) 5635813,2076-10-06,loc.gov
331,Marcelo,Wagstaffe,mwagstaffe96@smh.com.au,Male,(927) 1276794,2033-02-10,gizmodo.com
332,Cecilio,Baxster,cbaxster97@hp.com,Male,(282) 6510023,2076-09-24,independent.co.uk
333,Sonnnie,Emmatt,semmatt98@theguardian.com,Female,(360) 5272187,2015-11-16,usatoday.com
334,Shaine,Matsell,smatsell99@oakley.com,Male,(837) 6813478,2059-05-02,list-manage.com
335,Merrielle,Hellmer,mhellmer9a@nymag.com,Female,(740) 3109616,2048-12-07,google.cn
336,Nada,Hedde,nhedde9b@netscape.com,Female,(982) 8201894,2050-10-01,aol.com
337,Nikolaos,Veldman,nveldman9c@indiegogo.com,Male,(433) 7434549,2063-04-14,timesonline.co.uk
338,Davida,Saph,dsaph9d@ucoz.ru,Female,(560) 1223058,2017-05-15,zimbio.com
339,Camilla,Youdell,cyoudell9e@hhs.gov,Female,(711) 2113116,2078-05-09,comsenz.com
340,Justin,Grundon,jgrundon9f@auda.org.au,Male,(464) 7678588,2026-07-15,eventbrite.com
341,Giusto,Bowne,gbowne9g@wisc.edu,Male,(427) 9515602,2012-02-12,mtv.com
342,Sara-ann,Shellard,sshellard9h@facebook.com,Female,(493) 7104160,2052-03-24,blogs.com
343,Heddie,Parmby,hparmby9i@tuttocitta.it,Female,(685) 5445021,2053-12-09,zimbio.com
344,Marnie,Subhan,msubhan9j@google.ru,Female,(266) 4210684,2031-11-13,go.com
345,Claudine,Carswell,ccarswell9k@ow.ly,Female,(160) 9735957,2026-01-17,usa.gov
346,Rowe,Oxterby,roxterby9l@intel.com,Female,(643) 9580165,2002-05-24,oakley.com
347,Lauryn,Balk,lbalk9m@live.com,Female,(410) 6612614,2026-09-12,google.nl
348,Gertrude,Serle,gserle9n@psu.edu,Female,(521) 8546143,2065-09-17,delicious.com
349,Chiquia,Shillabeer,cshillabeer9o@is.gd,Female,(646) 2175252,2032-06-19,ed.gov
350,Maxi,Cammoile,mcammoile9p@networkadvertising.org,Female,(652) 6218690,2021-01-04,ca.gov
351,Malvin,Maginot,mmaginot9q@squarespace.com,Male,(791) 2160269,2041-12-12,uiuc.edu
352,Derick,Tesoe,dtesoe9r@comsenz.com,Male,(702) 2380999,2059-12-15,chicagotribune.com
353,Kaela,Huyghe,khuyghe9s@exblog.jp,Female,(290) 1321398,2034-07-02,ted.com
354,Charita,Edgeworth,cedgeworth9t@usatoday.com,Female,(142) 2201314,2046-09-18,apache.org
355,Vasilis,Scamwell,vscamwell9u@pcworld.com,Male,(932) 6251415,2003-05-26,instagram.com
356,Granny,Struthers,gstruthers9v@upenn.edu,Male,(326) 2980695,2042-05-22,omniture.com
357,Maddi,Fortune,mfortune9w@ezinearticles.com,Female,(270) 6731371,2055-06-18,newsvine.com
358,Raimund,Westgate,rwestgate9x@creativecommons.org,Male,(359) 6237313,2062-05-14,state.tx.us
359,Alfy,Wasbey,awasbey9y@stanford.edu,Female,(296) 6187002,2030-05-23,histats.com
360,Zack,Lucchi,zlucchi9z@liveinternet.ru,Male,(228) 8837125,2004-03-09,java.com
361,Lura,Rochester,lrochestera0@sitemeter.com,Female,(700) 3804148,2008-07-11,sun.com
362,Neill,Jewar,njewara1@hp.com,Male,(859) 8445036,2052-06-30,sohu.com
363,Neile,Wines,nwinesa2@auda.org.au,Female,(451) 5730605,2033-11-26,shutterfly.com
364,Hadrian,Pulver,hpulvera3@skyrock.com,Male,(324) 4541737,2040-06-05,zdnet.com
365,Felipe,Baitson,fbaitsona4@youtube.com,Male,(291) 1268058,2079-04-16,dot.gov
366,Milli,Caskie,mcaskiea5@constantcontact.com,Female,(256) 9289795,2020-07-26,google.it
367,Anny,Yashnov,ayashnova6@mapy.cz,Female,(906) 1961546,2024-02-24,privacy.gov.au
368,Hobart,Casiroli,hcasirolia7@slashdot.org,Male,(706) 7221107,2016-09-28,dropbox.com
369,Penelope,North,pnortha8@clickbank.net,Female,(490) 6521332,2013-08-30,scribd.com
370,Mamie,Shade,mshadea9@nationalgeographic.com,Female,(657) 4709969,2017-05-16,uol.com.br
371,Jemmy,Quaif,jquaifaa@nymag.com,Female,(812) 2858867,2067-06-23,barnesandnoble.com
372,Tyson,Riccetti,triccettiab@twitter.com,Male,(708) 1814544,2003-06-09,nba.com
373,Larine,Clemensen,lclemensenac@qq.com,Female,(312) 6997191,2004-01-31,comcast.net
374,Frankie,Assante,fassantead@ted.com,Male,(753) 5669008,2065-11-11,scribd.com
375,Chicky,Tisun,ctisunae@last.fm,Female,(150) 4531687,2008-05-23,slideshare.net
376,Giana,Braden,gbradenaf@smugmug.com,Female,(546) 3430028,2026-08-23,guardian.co.uk
377,Nikolai,Kareman,nkaremanag@seesaa.net,Male,(937) 6726435,2034-11-30,imdb.com
378,Hilary,Niess,hniessah@bizjournals.com,Female,(742) 9306975,2060-01-04,wikipedia.org
379,Dean,Poulsum,dpoulsumai@biglobe.ne.jp,Male,(440) 4831891,2059-08-21,nih.gov
380,Tally,Moger,tmogeraj@opensource.org,Female,(263) 6643915,2078-03-31,cisco.com
381,Melba,Prendergrass,mprendergrassak@mapy.cz,Female,(953) 6228645,2038-11-23,wisc.edu
382,Dalton,Matusiak,dmatusiakal@state.gov,Male,(130) 6889894,2027-01-09,is.gd
383,Toddy,Semrad,tsemradam@cnbc.com,Male,(927) 5427630,2036-01-20,berkeley.edu
384,Max,Yarrington,myarringtonan@ocn.ne.jp,Male,(128) 5594136,2079-03-28,webmd.com
385,Teresina,Rodliff,trodliffao@paypal.com,Female,(830) 1410605,2009-08-23,lulu.com
386,Reinold,Worboy,rworboyap@mozilla.com,Male,(592) 5597814,2050-02-20,odnoklassniki.ru
387,Mahmud,Simenet,msimenetaq@usnews.com,Male,(713) 1325323,2062-05-13,phpbb.com
388,Wynn,Benedtti,wbenedttiar@cnbc.com,Female,(739) 2160650,2078-05-01,cmu.edu
389,Jessalyn,Keppe,jkeppeas@topsy.com,Female,(447) 8860933,2050-03-26,home.pl
390,Petr,Gilleon,pgilleonat@woothemes.com,Male,(756) 9105317,2006-06-21,gravatar.com
391,Moselle,Tooker,mtookerau@technorati.com,Female,(837) 7041643,2046-09-29,pcworld.com
392,Anatol,Bouzan,abouzanav@forbes.com,Male,(292) 9324323,2066-03-11,mtv.com
393,Wolfie,Gutcher,wgutcheraw@si.edu,Male,(247) 7042852,2065-09-22,ning.com
394,Elladine,Cartmill,ecartmillax@mtv.com,Female,(552) 9506892,2023-06-16,mtv.com
395,Glynn,Charley,gcharleyay@japanpost.jp,Male,(807) 7392400,2061-01-08,ucla.edu
396,Gray,Wallenger,gwallengeraz@dedecms.com,Male,(641) 7419807,2043-04-16,whitehouse.gov
397,Susanne,Gulley,sgulleyb0@businesswire.com,Female,(688) 3641945,2040-11-02,accuweather.com
398,Carlyn,Boxell,cboxellb1@imgur.com,Female,(398) 5374176,2043-04-04,csmonitor.com
399,Teresita,Gazzard,tgazzardb2@icio.us,Female,(798) 9425848,2044-03-02,google.ca
400,Darnell,Creak,dcreakb3@youtu.be,Male,(146) 2808696,2063-01-18,usatoday.com
401,Lib,Cullin,lcullinb4@nih.gov,Female,(326) 6669071,2002-01-02,furl.net
402,Gaile,Towne,gtowneb5@samsung.com,Male,(775) 2031720,2078-02-09,sitemeter.com
403,Fields,Huckabe,fhuckabeb6@timesonline.co.uk,Male,(249) 6089104,2059-01-29,wikispaces.com
404,Nona,Curwood,ncurwoodb7@bizjournals.com,Female,(634) 5256483,2002-07-27,twitpic.com
405,Trefor,Douty,tdoutyb8@printfriendly.com,Male,(153) 7987683,2059-01-12,timesonline.co.uk
406,Kile,Haslin,khaslinb9@studiopress.com,Male,(974) 7128572,2078-01-06,cnn.com
407,Olva,Gammell,ogammellba@google.cn,Female,(799) 7650898,2008-06-19,163.com
408,Minor,Swindon,mswindonbb@jugem.jp,Male,(477) 1324231,2008-07-17,go.com
409,Gerik,Goldman,ggoldmanbc@creativecommons.org,Male,(207) 7076656,2025-09-01,google.it
410,Karyl,Beau,kbeaubd@dyndns.org,Female,(967) 9693293,2073-08-14,go.com
411,Xena,Ingrey,xingreybe@unc.edu,Female,(485) 8824550,2055-10-17,delicious.com
412,Hunter,Warr,hwarrbf@umn.edu,Male,(952) 8200494,2037-02-05,qq.com
413,Emmi,Backhouse,ebackhousebg@miitbeian.gov.cn,Female,(832) 2631673,2048-11-08,ezinearticles.com
414,Waylan,Farnie,wfarniebh@rediff.com,Male,(925) 7456082,2055-04-30,prweb.com
415,Peirce,Quinet,pquinetbi@google.es,Male,(605) 5527613,2047-01-10,github.io
416,Benjie,Shanklin,bshanklinbj@istockphoto.com,Male,(948) 2805303,2014-04-24,netvibes.com
417,Dean,Ailward,dailwardbk@e-recht24.de,Male,(204) 1761923,2008-04-29,4shared.com
418,Brit,Wiltshier,bwiltshierbl@weibo.com,Male,(180) 6540015,2017-04-10,scribd.com
419,Greta,Nesbitt,gnesbittbm@blog.com,Female,(541) 2954409,2030-03-17,mit.edu
420,Bennie,Uvedale,buvedalebn@biglobe.ne.jp,Male,(224) 2277703,2003-09-03,blogtalkradio.com
421,Norman,Baybutt,nbaybuttbo@deviantart.com,Male,(525) 7213047,2043-11-18,is.gd
422,Thomasine,Trusse,ttrussebp@zimbio.com,Female,(678) 2833011,2032-11-22,shutterfly.com
423,Thor,Mathen,tmathenbq@friendfeed.com,Male,(869) 5992094,2002-12-28,sourceforge.net
424,Larina,Coate,lcoatebr@sfgate.com,Female,(838) 5614761,2022-09-05,mlb.com
425,Svend,McHardy,smchardybs@ask.com,Male,(968) 8837137,2016-05-30,so-net.ne.jp
426,Gerty,Gauvain,ggauvainbt@seesaa.net,Female,(249) 7053729,2072-05-28,godaddy.com
427,Nicholle,Suddards,nsuddardsbu@livejournal.com,Female,(176) 1056385,2068-09-11,nymag.com
428,Vina,Oxherd,voxherdbv@wiley.com,Female,(708) 4164812,2013-12-22,hostgator.com
429,Inna,Cornillot,icornillotbw@msu.edu,Female,(905) 4008289,2008-04-19,pen.io
430,Chelsae,Boseley,cboseleybx@about.me,Female,(590) 7826957,2017-09-07,yale.edu
431,Brinna,Nicklinson,bnicklinsonby@ocn.ne.jp,Female,(140) 2004026,2076-08-19,cloudflare.com
432,Nani,Reilinger,nreilingerbz@washington.edu,Female,(998) 1149718,2069-08-12,timesonline.co.uk
433,Mikey,Proudler,mproudlerc0@uol.com.br,Male,(341) 2982840,2002-11-19,last.fm
434,Kent,Hefforde,kheffordec1@newyorker.com,Male,(459) 7377060,2049-10-07,godaddy.com
435,Gayelord,McCullough,gmcculloughc2@vk.com,Male,(321) 5645819,2015-03-10,japanpost.jp
436,Honoria,Baskerville,hbaskervillec3@economist.com,Female,(105) 9068297,2040-12-02,ow.ly
437,Michele,Guitonneau,mguitonneauc4@hp.com,Male,(540) 8614215,2070-11-27,nps.gov
438,Rutledge,Gartsyde,rgartsydec5@cornell.edu,Male,(581) 5614283,2031-03-10,si.edu
439,Stefanie,Couve,scouvec6@indiatimes.com,Female,(687) 8470054,2026-07-09,fda.gov
440,Krystle,Avery,kaveryc7@i2i.jp,Female,(940) 3026060,2020-06-18,jimdo.com
441,Dunstan,Lurriman,dlurrimanc8@sfgate.com,Male,(223) 2346469,2018-11-14,bloglines.com
442,Suzette,Elkins,selkinsc9@huffingtonpost.com,Female,(786) 3328446,2047-11-30,weibo.com
443,Oswald,Acors,oacorsca@alibaba.com,Male,(839) 7281650,2049-03-20,java.com
444,Amalle,Plumridge,aplumridgecb@discuz.net,Female,(565) 4832119,2006-08-31,dmoz.org
445,Arthur,Attoc,aattoccc@soundcloud.com,Male,(764) 5992790,2038-06-01,nifty.com
446,Aubry,Zanazzi,azanazzicd@amazon.co.jp,Female,(546) 3373407,2037-02-22,tumblr.com
447,Jill,Fossick,jfossickce@etsy.com,Female,(695) 2788593,2034-02-25,about.me
448,Jodi,Fishleigh,jfishleighcf@jugem.jp,Female,(203) 1529440,2024-02-08,istockphoto.com
449,Tarrah,Rittmeier,trittmeiercg@artisteer.com,Female,(455) 5425593,2057-06-19,wikispaces.com
450,Benedicto,Sherry,bsherrych@comsenz.com,Male,(437) 7610156,2031-09-10,github.com
451,Sigismondo,Maggs,smaggsci@com.com,Male,(259) 2783480,2032-05-30,mlb.com
452,Aguistin,Simony,asimonycj@apple.com,Male,(303) 1828466,2009-01-20,jalbum.net
453,Skipper,Blomfield,sblomfieldck@github.io,Male,(514) 4692973,2079-03-31,squidoo.com
454,Chloe,Preddle,cpreddlecl@t.co,Female,(184) 7328871,2052-10-26,e-recht24.de
455,Lottie,Tanswill,ltanswillcm@auda.org.au,Female,(845) 4303707,2023-03-19,fastcompany.com
456,Davida,Lutas,dlutascn@forbes.com,Female,(631) 5738118,2017-11-05,ucla.edu
457,Tucker,Agglio,tagglioco@stumbleupon.com,Male,(893) 7568300,2054-06-11,sbwire.com
458,Wendel,Habergham,whaberghamcp@businesswire.com,Male,(486) 2359675,2012-12-16,last.fm
459,Ilsa,Mattke,imattkecq@virginia.edu,Female,(746) 2673544,2055-05-13,bravesites.com
460,Ally,Redwall,aredwallcr@123-reg.co.uk,Female,(700) 4640408,2057-11-11,nbcnews.com
461,Jaye,Ransom,jransomcs@diigo.com,Male,(425) 8316623,2027-04-21,jimdo.com
462,Sharity,Angel,sangelct@sohu.com,Female,(593) 3350229,2058-04-13,businesswire.com
463,Greggory,Eastabrook,geastabrookcu@merriam-webster.com,Male,(457) 2086006,2005-11-05,sourceforge.net
464,Beret,Antonellini,bantonellinicv@deviantart.com,Female,(415) 2740700,2076-03-04,ocn.ne.jp
465,Jemima,Iacavone,jiacavonecw@seesaa.net,Female,(611) 8044741,2053-12-29,shutterfly.com
466,Dane,Adney,dadneycx@xinhuanet.com,Male,(466) 3836397,2057-08-14,bloglovin.com
467,Elisabet,Cavill,ecavillcy@sfgate.com,Female,(783) 9159221,2016-11-12,rakuten.co.jp
468,Darla,Harget,dhargetcz@weebly.com,Female,(958) 1509718,2046-06-10,123-reg.co.uk
469,Erl,Fitkin,efitkind0@mozilla.org,Male,(562) 5476338,2013-07-07,slashdot.org
470,Dania,Bulpitt,dbulpittd1@oakley.com,Female,(516) 5013889,2055-02-24,sfgate.com
471,Tersina,Charnock,tcharnockd2@apache.org,Female,(731) 9286577,2018-03-17,wikispaces.com
472,Ambrosius,Fitzpayn,afitzpaynd3@stanford.edu,Male,(939) 8311482,2039-11-20,fc2.com
473,Margie,Espasa,mespasad4@latimes.com,Female,(323) 4306210,2021-10-28,webnode.com
474,Lion,Elkington,lelkingtond5@surveymonkey.com,Male,(425) 1887550,2027-10-05,addtoany.com
475,Olga,Hoovart,ohoovartd6@addtoany.com,Female,(307) 2462004,2078-01-29,dailymotion.com
476,Roda,Marcos,rmarcosd7@tinyurl.com,Female,(220) 3216232,2050-07-24,narod.ru
477,Travus,Rosettini,trosettinid8@sohu.com,Male,(140) 7505013,2014-10-19,youtu.be
478,Morten,Hymor,mhymord9@yahoo.com,Male,(258) 3655834,2017-12-06,ted.com
479,Skipp,Sherebrooke,ssherebrookeda@mlb.com,Male,(674) 3894326,2066-06-13,army.mil
480,Fulvia,Franklyn,ffranklyndb@mediafire.com,Female,(950) 8517808,2063-02-17,hatena.ne.jp
481,Eleanore,Nutkin,enutkindc@webeden.co.uk,Female,(440) 2714904,2030-02-08,prnewswire.com
482,Kailey,Shropsheir,kshropsheirdd@vistaprint.com,Female,(855) 2455130,2014-10-21,sciencedirect.com
483,Sharlene,Maltby,smaltbyde@pinterest.com,Female,(582) 6684030,2023-06-28,tinypic.com
484,Morganica,Axon,maxondf@linkedin.com,Female,(111) 5116999,2071-12-19,ning.com
485,Giordano,McCleod,gmccleoddg@hc360.com,Male,(950) 6462506,2059-04-14,wikispaces.com
486,Trescha,Anstis,tanstisdh@purevolume.com,Female,(338) 4460613,2075-09-03,bravesites.com
487,Moises,Dellenbrook,mdellenbrookdi@myspace.com,Male,(768) 9672762,2052-07-12,lulu.com
488,Valentino,Adamowicz,vadamowiczdj@weebly.com,Male,(338) 7036543,2076-01-09,g.co
489,Chance,MacAiline,cmacailinedk@blogspot.com,Male,(382) 4702419,2079-01-06,wisc.edu
490,Jermain,Orme,jormedl@noaa.gov,Male,(967) 1236997,2021-08-01,usgs.gov
491,Thacher,Munden,tmundendm@sfgate.com,Male,(396) 7609336,2004-04-11,yelp.com
492,Deb,Zanazzi,dzanazzidn@biglobe.ne.jp,Female,(943) 2491776,2057-04-03,123-reg.co.uk
493,Jeremie,Hamlington,jhamlingtondo@multiply.com,Male,(903) 9758957,2038-06-15,reuters.com
494,Johnny,Artz,jartzdp@alibaba.com,Male,(173) 8503027,2000-07-29,cnn.com
495,Rolph,McKune,rmckunedq@bluehost.com,Male,(448) 4393507,2068-08-12,51.la
496,Nerta,Hourican,nhouricandr@plala.or.jp,Female,(495) 2686565,2040-02-16,reddit.com
497,Beryl,Monument,bmonumentds@gmpg.org,Female,(890) 4260738,2032-10-26,cocolog-nifty.com
498,Gabriell,Beales,gbealesdt@cam.ac.uk,Female,(460) 3012674,2048-08-24,nifty.com
499,Chico,Dewdeny,cdewdenydu@google.nl,Male,(126) 3377651,2077-04-21,studiopress.com
500,Brina,Ralestone,bralestonedv@4shared.com,Female,(734) 8648443,2046-08-13,example.com
